L_fuse,Arw,Art,bw,SM_0,SM_dry,Max_Speed,ROC_Stall,Stall_Speed,Endurance_min,W_total,Result
5.90459870516778,7.46096841997033,3.32083949685616,5.22550622041319,0.205666283399612,0.136274756373725,189.72972972973,49.4339239519047,54.5460399123812,141.414130443106,19.4115476464598,FAIL
4.55522736041775,7.56140742024012,4.28173184195017,4.73777393699858,0.128059097921856,0.065837693972733,200.540540540541,50.3305299244698,59.7812096665469,132.85284023469,18.912441658023,FAIL
4.06258463526274,7.36166843604771,3.30820660361875,6.35320089103232,-0.00898426819929665,-0.0638331194328026,179.459459459459,49.4779392856566,45.0397392023591,174.525325522418,19.827722463626,FAIL
4.8244577846358,7.20768796008727,3.30634557429085,6.25013275024939,0.0638355877218781,0.00629494201555791,178.378378378378,49.1438199361752,45.3949795746602,169.786993783325,19.9099574012627,FAIL
5.75467113349537,6.58568938994443,3.66518484429507,5.88698373273789,0.172570950407367,0.111430113170008,177.837837837838,48.6742541822922,46.0858824029736,156.423589796084,19.9247286944114,FAIL
4.34179153516456,7.09184499163863,3.73014193410604,5.18332065662311,0.0660035668506345,0.00841683194015208,192.972972972973,50.139898769443,53.2843441830664,144.312496349962,19.1746895997701,FAIL
5.83077542442785,6.74242748776887,3.38674682212547,6.43242325808632,0.144218980347403,0.084339756998454,171.891891891892,48.233777848929,43.0489217974607,169.182288948201,20.2735439967633,PASS
4.92207890866971,7.86975656421826,3.17359069539357,4.93067092243269,0.111979598857408,0.0478226489766157,198.378378378378,50.2158356752271,58.7869298508429,136.948195330694,19.0320018644507,FAIL
5.14113982447774,7.04713216336799,4.91451568285336,5.68078699663807,0.16629949573392,0.104256490842949,183.783783783784,49.3181552562891,49.0812127147814,155.630372050259,19.6656062091309,FAIL
4.24028362409699,6.95343679313459,3.29133018912413,5.9382795027759,0.0213378546840641,-0.0333659900048335,182.432432432432,49.6014411558907,46.6064180241585,163.011159209651,19.6374632484973,FAIL
5.5102910741105,8.0958522987373,3.32175313800776,5.3538605706563,0.16141730790666,0.0926922340586241,191.891891891892,49.800069174651,55.3926509273774,147.337384216448,19.3663604463551,FAIL
5.60331448437169,6.81276906286962,4.31387487729687,5.08031779355772,0.230453413479315,0.165047687176501,189.459459459459,49.3626987237877,53.5514445550582,137.668545652504,19.3674590873647,FAIL
5.37160436566074,7.01758430497574,4.88540041052221,4.97782064994632,0.233546109370629,0.16776302686534,192.432432432432,49.5965290667098,55.3119044542749,136.473154558906,19.2575152008398,FAIL
5.39755968123254,6.67983967234566,3.8903637825845,5.79209171684482,0.154715419525152,0.0945044232386589,180,48.9656837087049,47.022861402384,155.728526452357,19.796804835588,PASS
4.1702351268084,7.42402772213593,3.49835475458019,5.25056923388575,0.0330738172254039,-0.024418149833262,194.054054054054,50.3325778284789,53.7804820433528,147.079186235984,19.1467359987665,FAIL
5.17938118072816,8.39036502360829,3.07670309189923,5.03137020886814,0.127468114322953,0.0594133605072009,198.108108108108,50.190115119251,59.5762511763425,139.737684064486,19.090188220471,FAIL
4.60438229794504,6.81228641723046,4.26739959900869,5.93116479569571,0.0846677853003127,0.0277369641547652,180.810810810811,49.2942210996366,46.3191116374485,162.148628943708,19.7505729838916,FAIL
5.07100578072254,6.54923100610009,3.3067190085804,5.86731531927653,0.101684656018739,0.0448095863902833,179.459459459459,49.0481797764968,45.9516602941482,157.762619809184,19.7862338296591,PASS
4.66756178455494,8.08396970680374,4.89598441478447,6.00336777285836,0.0983912472386362,0.0354420839216886,185.675675675676,49.730289878433,49.7558925617148,168.229304993703,19.675529938446,FAIL
4.05437942655881,7.88819949643738,3.67351164720846,6.10270448310814,-0.00228292807121266,-0.0599003927545841,185.135135135135,49.9266609169253,48.2773080499307,170.501566623423,19.6166598000486,FAIL
4.33380626391008,7.67337629048111,3.28648344644279,6.14022405264839,0.0163090840327137,-0.0410688881926224,183.243243243243,49.6976083636969,47.4214272182351,169.854417112757,19.6971483769871,FAIL
4.35696220164751,6.75875265070056,3.30335179696672,5.3692438455568,0.0503740863142783,-0.00506955385452634,188.648648648649,49.894083615826,50.4006500412706,147.990485234274,19.3154198532745,FAIL
5.76000051603546,7.39903984979155,4.13602655692668,4.6751173630127,0.27586816525531,0.204241852474395,197.027027027027,49.5878045720378,60.2004093012343,127.191865316556,19.0844975848256,FAIL
4.88791088727263,7.80914239464477,4.9636114069444,5.21621679891647,0.165567805537122,0.100258269535525,194.054054054054,50.0551302847206,55.6695140311168,146.266134907359,19.2493008071096,FAIL
4.23063681666354,6.92024988633469,4.99055966705962,6.17499864345044,0.0519221382247275,-0.00423873342840519,178.918918918919,49.2574534133369,44.9649310806106,169.825155664424,19.8596684759889,FAIL
5.50013545447929,7.92910247046345,4.9514064998625,6.26715771029181,0.17899382745771,0.112711622305481,180,49.0088077962354,47.5982942788056,171.657655550201,20.0065484605813,FAIL
5.28182728951507,8.20917467901132,4.62144130889179,5.71207813439442,0.175813262951797,0.107952212311088,188.378378378378,49.6930717422745,52.5623765961361,158.908772358775,19.5754134295987,FAIL
5.71470368493432,6.71379870186255,3.64682566859878,5.51294666117197,0.186980510253296,0.12391741990038,183.243243243243,49.0477783494089,49.3496357524251,147.817765496038,19.6534746328623,FAIL
4.78653527434465,6.96141320690917,4.77693969699392,5.11186305023189,0.15241920261862,0.0914074493739457,191.891891891892,49.8422667590199,53.6311513359787,141.626328774758,19.2471939451389,PASS
5.65412576885158,6.76623018896547,4.70210478164439,5.09214194742457,0.248904491921503,0.18299841822601,188.918918918919,49.2946555582992,53.2873048536882,137.935739513869,19.3987577134918,FAIL
4.06233098920653,7.14197704898511,3.77035229329968,6.21303895782252,0.00832210929214572,-0.0466292396638185,180,49.4807103396455,45.3122752914904,170.929326146248,19.7830668160601,FAIL
5.84507794723342,6.91351249579024,4.1565854295717,5.15454936162094,0.244828437487135,0.177524706544197,188.378378378378,49.2476697053677,53.2672589325881,139.028424621918,19.439071892695,FAIL
4.94918066857886,7.88618743712238,4.34164173525038,4.62778141550979,0.190351149353921,0.1233324252418,202.162162162162,50.1997713693224,62.4640740257981,129.162906356648,18.8891044019413,FAIL
5.80364417326679,7.84184966138749,3.88658945513974,4.84470295014623,0.25816107350217,0.18485559802491,196.216216216216,49.6892440713023,59.9079122509684,132.377546317664,19.1494515210107,FAIL
4.83187973999111,6.40143109663506,4.09308282459777,5.62860567201817,0.115681185969031,0.0589976900794473,181.891891891892,49.2277082632432,47.1787974491344,152.615786544508,19.637693641815,PASS
4.13013444235828,7.17338754612096,4.00992980665104,6.23714548536004,0.0194080929625501,-0.0361597795125992,179.72972972973,49.4256539874216,45.2737244415093,171.669461063191,19.8158211889685,FAIL
5.497025202366,7.8914280905091,4.6958746150286,4.97419905021525,0.250388711402459,0.179322788899598,195.675675675676,49.8360215740989,58.5957232612184,137.646737631516,19.1908729183383,FAIL
4.67505912454777,8.32826186783793,3.28702681908058,4.70706826769732,0.0977264837467205,0.0330069893565722,203.783783783784,50.4931726762779,63.0145973240917,131.961450410871,18.8322029789975,FAIL
5.81729181656032,6.63037206771973,4.4887386187548,5.94932938915234,0.204794459831648,0.142376406842432,177.027027027027,48.5579087982346,45.8451929258369,158.311328006643,20.0012856745304,FAIL
4.24444127765724,8.36981175450856,3.41628861380922,4.99948734596116,0.0367169703342178,-0.0246682586954132,201.351351351351,50.7024870515802,59.6277361213336,141.605948942287,18.9279714555562,FAIL
4.97247925671797,6.98548803759689,4.43299734764216,5.64838399341838,0.137120139468971,0.0767251097460493,184.324324324324,49.4235396958584,49.0762830685576,154.824123177761,19.6095295007015,PASS
5.42205051722324,6.60162338710527,3.62775208614874,6.35657494609946,0.125052051105789,0.0673391811306686,172.972972972973,48.410633340056,43.0104983219451,168.367238469321,20.1844407789036,PASS
5.78586050938924,7.59741072291301,3.9932933988402,6.15140348409921,0.179098338238727,0.113219101032966,179.189189189189,48.8848981870191,47.4456775780717,166.141376845056,19.9870318114036,FAIL
5.63156215828374,6.68240574306268,4.20932771687048,6.08114278024637,0.173243194851442,0.112409040914532,175.945945945946,48.5745278877331,45.0732769756955,162.043251393418,20.0423204172771,FAIL
5.49717132953405,6.41964472145093,3.38680343831303,5.26958567992838,0.167427496458154,0.106757319363726,185.405405405405,49.1803887874315,50.2702092941303,141.348796922922,19.4865747341325,FAIL
4.87751441844815,8.18459166803332,4.86057132279451,5.70472930160341,0.135768278903403,0.0704313218032889,189.189189189189,49.8957811334025,52.4652944622083,160.147799561094,19.5114465612382,PASS
5.45795160159131,8.18872985416593,3.72367836042381,4.90737826053783,0.206624506893827,0.135421147242171,198.108108108108,49.9781436498588,60.3553877037151,135.626159364256,19.0979515601055,FAIL
5.06056216132895,8.25440640241554,3.41989765703774,6.46403686880653,0.0760508459844487,0.0134785398732463,180.27027027027,49.2562145133304,47.0423771509222,177.450201667416,19.9697438954328,FAIL
4.8327276907061,6.93732689251011,4.46147852870736,5.56822005745311,0.126822533532909,0.067148170348292,185.405405405405,49.5347344431726,49.5235910049349,153.092639957464,19.5405620841932,PASS
4.75022683116135,7.16481199871504,3.43431893078055,6.19029476422562,0.0638800540540271,0.00651813342028751,179.189189189189,49.2072495250572,45.6501152197421,168.534055659802,19.8688984292259,FAIL
4.14347898616004,7.1250387908464,3.21917372786662,6.32716101833445,-7.43007880229518e-05,-0.0542580701665545,178.378378378378,49.3602362443756,44.5187974440475,172.899831137575,19.8513279300785,FAIL
4.08101702472543,6.8558587743326,3.70247544326685,6.28196521677394,0.0110585202052289,-0.0426787750308603,177.567567567568,49.2574288966954,44.0035657134009,171.398827372107,19.8690501341564,FAIL
4.96792460589034,6.81882678889714,3.63630642814452,6.29857147077198,0.0887919213638522,0.0319527776208585,175.675675675676,48.8050467284005,43.9511154900231,169.316962253346,20.034866038209,FAIL
4.01397398757023,6.7477720798309,4.53547774647856,4.85114161520699,0.0641225404110553,0.00806677317207061,196.756756756757,50.2835505393492,55.2403386230465,135.878139607798,18.9719660557802,FAIL
5.01467958422126,6.98760472058407,4.74650080288997,6.14696861237817,0.127998993192376,0.0684869453368339,178.108108108108,48.9501419981427,45.5008272073182,167.030053670036,19.957421054288,PASS
5.99764407031106,7.149086173661,4.01618902621566,5.99699717873352,0.204600349336933,0.138966813901929,178.648648648649,48.7133305565293,47.1977681988392,160.335806461232,19.977091421948,FAIL
4.79983029302502,8.2633103071538,3.85537185353047,4.58443858943201,0.151505165398412,0.0847706931674963,204.864864864865,50.3835753995048,64.3958194511792,128.441368156753,18.802074942193,FAIL
4.31510608105875,7.12270343536357,3.11770778367383,6.18672072913732,0.0149481489039738,-0.0399598842283635,180,49.4321954762313,45.4441338258269,169.183654362405,19.7835395955372,FAIL
5.77996751124528,6.51778849436677,3.40498508227345,4.67473933322162,0.23011981007135,0.164342345289033,193.243243243243,49.2790539888567,56.6021870159179,125.054628875641,19.1493101526054,FAIL
5.14614583296177,7.27398046566884,3.17762483464303,6.05144639627256,0.0920960937478379,0.0322900158718784,180.540540540541,49.2112601522266,46.9943782084926,164.240143957944,19.8203007642123,FAIL
5.46785475806263,6.69045477371445,4.23165702944954,6.09641355786756,0.158823559343765,0.0988500503505915,176.216216216216,48.6476666931075,44.96758856421,162.971098454969,20.0246333346945,PASS
5.64046208780537,7.1372506639027,4.61987378385135,4.6213600408463,0.285410853808049,0.215543907297543,196.756756756757,49.5619668171451,59.7852197652954,125.888686376672,19.066390960579,FAIL
4.18150165493566,8.01117128380415,4.09396183913254,6.29024848546977,0.0160383867959188,-0.0427675984953388,182.972972972973,49.715274080297,47.3738019605541,175.594554355252,19.7600591749165,FAIL
4.37371752317838,8.06492114781768,3.1252795468426,5.70005911569777,0.0206847249806211,-0.0388574453608723,190.27027027027,50.1988930497101,51.9489707433945,159.526452452743,19.3813784911233,FAIL
4.12014425321616,6.8670658212558,3.43941270629053,5.01850076092043,0.0394174096207263,-0.0159795002562919,194.864864864865,50.2493407337393,53.9785293284989,139.667214400761,19.0498275341643,FAIL
5.19857032348608,7.78983079674078,4.84425592861749,5.8111509338505,0.166314237648099,0.100999344827135,185.405405405405,49.5044848127182,50.4539584870615,160.858493690159,19.6724727230833,FAIL
5.26728671511907,7.20359627858656,3.71568399341018,5.40797519898982,0.153729125609011,0.0906829414335553,187.837837837838,49.5656871551604,51.8500558251522,147.900166208817,19.4576616941459,PASS
5.67786716088886,7.18002683721159,4.77935194661986,6.12289675929991,0.19497653838043,0.130890621518429,177.837837837838,48.7336112894291,46.3870146436768,165.022970623629,20.0287029925642,FAIL
5.6445033149224,8.12979043549967,3.67748929464876,4.62652777056392,0.246584689834477,0.17254134220843,200.810810810811,49.8554137031204,63.5742668055304,126.895652449864,18.9699370785848,FAIL
4.53372509190699,6.58513990299758,4.34261998281902,6.38983089714297,0.0669389793380916,0.0122303463924405,174.054054054054,48.7319924760445,42.630747958018,172.10214430275,20.0877734962235,FAIL
5.3126176323198,7.232720203531,3.4832127201051,5.20198286566483,0.158004525085943,0.094123299582704,190.810810810811,49.6776343464957,53.8296066071885,142.250357286724,19.3263907422493,PASS
5.39948082895398,7.37743402961815,4.64074499851123,5.1599266366424,0.218890537571702,0.152027174317374,191.351351351351,49.6551498056874,54.8183701496519,141.97473293974,19.3333062861648,FAIL
4.18813492337715,8.06352349520273,3.85335510347675,5.01389938268067,0.0489329608216547,-0.0117211550456255,200,50.6318846206397,58.4112917901707,142.087513066735,18.9623504678411,FAIL
5.21178528511424,7.55425060965821,4.92289342826853,4.62675688830126,0.24614830698643,0.177658437190049,200,49.9422333131245,61.2793011173788,128.250066551902,18.9697563732259,FAIL
5.43886813843888,8.20401893164886,3.39036836908597,6.29533586474684,0.115415364516544,0.0502882454881047,181.081081081081,49.2057538958394,48.1074917089101,172.023261799234,19.9300669704632,PASS
5.64321154341479,7.7318907626477,4.31335204819815,5.57108355965032,0.209981238032363,0.141547388649237,187.027027027027,49.4415930923732,52.3170158348766,152.67092428414,19.5862699952622,FAIL
4.29607881308554,7.63074529907733,3.74782976131422,5.37746599235076,0.0496141953437477,-0.00947542580161098,192.702702702703,50.2639242259378,53.3578320282428,150.850443269191,19.2334375815159,FAIL
5.19832989404428,8.15593766899027,3.23182683883352,6.47147908176764,0.0805297880464007,0.0179035740518416,179.459459459459,49.1559763575821,46.7435391682901,176.759085434535,20.000855069345,FAIL
5.7145089385879,7.28321229453031,4.66323956030229,5.08528968475943,0.260124998863073,0.190916110795672,191.081081081081,49.4760513557226,55.2893251492138,138.77269277759,19.3492073353453,FAIL
5.0218718036172,7.90247433208302,3.76065326453084,5.03253388462813,0.148740653403299,0.0830302872807972,196.486486486486,50.1198654031866,57.854330602047,140.028925096283,19.1229214703646,FAIL
4.52520784243552,7.56524876077487,3.88624106216868,5.39295726488311,0.08041821600137,0.0201441292499668,191.621621621622,50.104947712702,53.0564875748782,150.651272280037,19.2921180106034,FAIL
5.95739605485103,7.98272189109122,3.42294489130694,6.39714163596179,0.157891668683762,0.0907884440139256,177.837837837838,48.7703338004735,46.9085902594414,172.137438752051,20.1093424578168,PASS
4.11710229235126,6.44789609751012,3.41696884084013,5.08857074204315,0.0418183600267438,-0.011878013156971,191.621621621622,50.0237674608112,51.703918440663,140.485550991049,19.1378299891946,FAIL
4.73205668605034,8.10012836622958,4.88351845761405,4.62759884865623,0.180355814703036,0.113615907285832,203.783783783784,50.3764391526337,63.2396702397246,130.503867666001,18.8482431043761,FAIL
4.81915245454101,8.29489757670453,3.4457212299851,4.59513173961726,0.131503906738893,0.0651341052659407,204.864864864865,50.3883853045916,64.3640276564629,128.397653496529,18.7993790876191,FAIL
4.01444601749488,6.83993605400969,4.34688178803896,4.76370997930477,0.0622059444406982,0.00596832483929677,198.378378378378,50.3573696536201,56.536249975074,133.543225578588,18.9044808772826,FAIL
5.40869478946323,7.16977096685854,3.72432700682148,6.4251980264377,0.123668362722287,0.0634214147842334,174.864864864865,48.6334143701749,44.30637543235,172.211731058996,20.149875742663,PASS
4.17513784213519,6.91132175250352,3.82523552548774,5.90785650659399,0.0308401172820238,-0.0242523797749432,182.432432432432,49.5999345287537,46.6990815317664,162.690753084297,19.6330429692341,FAIL
5.4959569699565,6.4748734445683,4.56268768307267,5.13393582148097,0.222068160449364,0.159190506449802,187.297297297297,49.2261237110732,51.7438850428315,138.652461947749,19.4294195865898,FAIL
4.82884342398885,6.57580644590989,3.69875155944492,4.7588471220125,0.140874132462766,0.0818090431120934,195.135135135135,49.8179690592503,55.698654516759,130.354535708354,19.0465388824905,FAIL
4.60865440567721,8.29243470943324,4.54025619908633,6.14261457507618,0.0769023962595591,0.0142144889033656,184.864864864865,49.7276917430664,49.3094104471842,172.130409155555,19.722241168856,FAIL
4.22956506202338,6.8066213038071,4.18519652662968,4.52138255151291,0.0966009587863123,0.0393036182230758,201.351351351351,50.2676486827876,59.2461550890194,126.065942422903,18.7933168334336,FAIL
4.54362635316846,7.72180275257445,3.40149988763483,5.8714448987484,0.0476812112521594,-0.0115951915415631,186.216216216216,49.8393855816206,49.576533832402,162.934887872365,19.5612123917175,FAIL
4.21457182621107,7.29398994482244,3.25407990627474,5.53954916566664,0.0228258537036916,-0.0336292517706506,189.459459459459,50.0904797325746,50.7772682866163,154.062787207559,19.3372415529747,FAIL
4.51354832988701,6.71986154485375,3.84342994320931,5.61738406311372,0.0757507977575184,0.0194421195915325,184.594594594595,49.5821904104699,48.2960604498191,154.124215626678,19.5255599576915,FAIL
4.60132021955163,7.8711580812316,3.68034930232891,4.58938462685005,0.116954835237691,0.0537416636810533,204.054054054054,50.4117927258341,62.7705885006214,128.465205567442,18.7955419719124,FAIL
4.81637066264554,7.0443627021319,3.71662850542041,4.60843909681264,0.147171700845586,0.0857208289555217,199.459459459459,50.0321710302161,59.3157391822164,127.16020905917,18.9094137094456,FAIL
5.49701529076019,6.55947520078045,3.58508607761287,5.33313673190635,0.173481621842558,0.112043429632771,185.135135135135,49.2024155329303,50.2490690979291,143.470126411348,19.5175165955801,FAIL
5.39956340749288,6.85818866281626,4.59796519682206,6.02158662086441,0.166862366498668,0.105763088280774,178.108108108108,48.8196818696603,46.0088187227841,162.27759319884,19.9510973610314,FAIL
4.68150563692925,6.86206377627068,4.4175631289049,5.31289373422916,0.120768643788127,0.0616692059902905,188.918918918919,49.7562797175232,51.3801120628898,146.72742221077,19.3584141654619,PASS
5.88996971818866,7.70737541641609,3.20680826780633,6.06159589167489,0.154854756854774,0.0883900085381674,180.810810810811,49.0096877671675,48.3940486695449,163.357813664201,19.9032287405967,PASS
5.39493710670427,6.61555914598254,3.41268435510901,6.36695571492138,0.114692603430603,0.0573462222435267,172.972972972973,48.4414543783116,42.9754976983029,168.632950537646,20.1748867565522,PASS
4.40941221384371,6.48105415194294,4.08479896059016,4.50876465880031,0.119135846758569,0.0621655963539122,199.459459459459,50.0288866321596,58.0519769120132,124.552500706381,18.844112406946,FAIL
5.15179344243761,7.29227826956422,4.69302359075167,5.68683339433025,0.161855307228551,0.0988575295269033,184.864864864865,49.4291304718624,49.8368518294259,156.339903995301,19.6359153870374,FAIL
4.10658705355197,7.77518393782316,3.25727859245274,6.38303617089562,-0.0128400616766772,-0.0691648797327864,181.081081081081,49.6165128655469,46.0408633417595,176.389577658807,19.8017252591893,FAIL
4.07796139387445,7.81090658164496,4.5316656843521,5.90229742941542,0.0263985188233776,-0.0325002940216649,187.027027027027,50.0222960479306,49.5610577347116,166.124538799122,19.5296313273398,FAIL
4.78953094391104,8.18705230608178,3.9394968354877,5.7311799138354,0.0954659265213837,0.0318881521018043,189.189189189189,49.9605173135759,52.1982481194793,160.278970656075,19.486980386079,FAIL
4.26147593787014,8.07050011844429,3.89354473480044,6.34328755985274,0.0176824149723536,-0.0412938008054762,182.432432432432,49.6584289686069,47.1920427695356,176.657744101341,19.7942056815043,FAIL
5.54080388523793,6.83018848576713,3.28258983254537,4.72595950028031,0.196767896043629,0.131651041222472,194.594594594595,49.5430387798299,57.2508128032067,127.718893335791,19.1065726595847,FAIL
4.44942624261207,6.84380960939764,3.4439032001143,5.39410455641393,0.0629310796718772,0.00653744851829674,188.378378378378,49.8590425411264,50.5179287409657,148.728689590796,19.3421188439983,FAIL
4.61941414641002,8.03641566754509,4.17456058659402,6.242397151819,0.0662068842976803,0.00513790725396635,182.702702702703,49.5541587801424,47.8652097076577,173.488875134084,19.8039812215696,FAIL
5.47094784931924,7.80419783488019,4.70866336099846,4.76784495072686,0.26317370289564,0.191878611068171,198.108108108108,49.859896997182,60.6032029057137,131.766731161353,19.0712564600184,FAIL
4.25700380171855,7.314860579555,3.57900577811277,5.84174384004529,0.0295197505233058,-0.0272004288424404,185.405405405405,49.826801900569,48.4782777030138,161.934672143763,19.545442360132,FAIL
4.46332593320804,6.81804666301839,4.21974112862295,5.72463554567827,0.0761786145684159,0.0194440172536281,183.783783783784,49.5476743821341,47.811829372881,157.491662659999,19.5874820950403,FAIL
5.9900411799544,8.37954963788343,4.44568396170904,6.15678707591061,0.221255847574032,0.149489829233744,181.891891891892,49.0466574145976,49.7423398685197,168.099618991162,19.9531830096413,FAIL
4.73110717775151,6.69212708613604,4.56497869982301,5.79289214346976,0.110083338725919,0.0524461326301632,181.621621621622,49.2724424926378,46.9514200800931,158.223413354252,19.7059031520644,PASS
5.98297115489792,7.95006990816181,4.9408862315696,4.79171794695034,0.338313014959546,0.260973918142833,196.756756756757,49.5926731133099,61.0080903891825,131.23255909274,19.1627830168503,FAIL
5.4361165425758,6.97495120415864,4.20613392250295,5.4362677813496,0.188250531827992,0.124684351199126,185.945945945946,49.3386959564108,50.8683861777197,147.832004205929,19.5446817028113,FAIL
5.13727029959202,8.23069510687676,3.83324787225451,4.67756493434089,0.189091365163126,0.119684991546224,202.162162162162,50.1852516848668,63.1734398885109,130.142921174896,18.9123005560585,FAIL
5.53493083845842,7.14421878047208,3.97700621921781,5.08572888323674,0.210916218196378,0.144699591821874,191.081081081081,49.5472900970073,54.7067302864653,138.591069273879,19.3154733100528,FAIL
5.22435784988823,8.0983153684584,4.27719166519646,5.49574980399182,0.168581657167204,0.101279651575736,190.810810810811,49.8403333971301,54.0636999940721,152.841781979104,19.4331375164942,FAIL
5.84328019749312,7.09436506238404,3.04415811069903,4.59663052940754,0.21963480715489,0.150088662083678,196.486486486486,49.4772090347147,59.8969700128298,123.570571501595,19.0479193081024,FAIL
5.59230422071011,8.34178403218951,4.48331047134776,5.05757098402129,0.251404228967553,0.177825390453201,196.216216216216,49.888340867753,59.2885840529634,140.28643011258,19.2149546167066,FAIL
5.42815704821765,6.59622405456033,4.82796363663278,6.06933875515635,0.17248165338512,0.112481476267165,175.945945945946,48.600024757126,44.8593433994053,162.44862309287,20.0338932890653,FAIL
4.30362844186164,7.24217483882941,4.90968661967701,4.87897473544728,0.106155302910202,0.0462750022976066,197.837837837838,50.3121955453691,56.9399412283063,137.336846302707,18.9974074030577,FAIL
4.5468347437453,6.50754388011692,3.29685837734745,4.66105678265021,0.0980050050041035,0.0414103838012917,197.027027027027,49.9764677010143,56.4050681377622,128.02503104714,18.9347734207913,FAIL
5.42302547605933,6.5400395519388,4.04829364643934,6.05633439525227,0.150778578829732,0.0918529011930758,175.945945945946,48.6357113567978,44.7314829104991,161.502885700554,20.0049782566678,PASS
4.14298760912585,7.72269011012626,3.86973462329416,5.28836691968274,0.0373889048551926,-0.0215214852364629,194.864864864865,50.4226515113297,54.4617643809567,149.126260295409,19.1482963207478,FAIL
5.20877704852052,8.39263464201679,3.25559913485056,4.89598986575469,0.150032274342725,0.0809120327908142,199.72972972973,50.1887400303406,61.1231600547209,135.96169685617,19.0224510525209,FAIL
5.77553063316227,6.52033649428039,3.16653920572706,5.6716662402313,0.160711840095636,0.0995966531333616,180,48.84167781341,47.4162611932905,150.71410866854,19.7732524149684,FAIL
4.07584138065395,6.60706599940894,3.79831789604895,5.57542235385896,0.0324589950635311,-0.021582211093458,185.675675675676,49.7827490719244,48.1396233065555,153.745621527404,19.4367857770725,FAIL
4.43176558752381,7.17133544569276,4.82756125986902,5.22426632952554,0.104750773712303,0.0450711768221176,192.162162162162,50.0634951828154,53.2488607627035,146.190797509743,19.2372680126629,PASS
5.08341071651805,6.76565528910235,3.68300575752533,6.20255160175478,0.103623767933069,0.0461668611116512,176.216216216216,48.8147568165862,44.4174183119069,166.591945790806,19.9990655598326,PASS
5.92866231124845,7.47335375082693,4.77523427031378,5.9994222358085,0.228159855613264,0.160427542293479,180,48.8501141985628,48.2061038842516,162.14920563082,19.9516838963681,FAIL
4.27948195954858,6.40919417863792,4.58250912656503,5.52798683249915,0.0745941387264549,0.0195354129288131,184.594594594595,49.5704598976297,47.8880154783807,151.96138058696,19.4920009556952,FAIL
4.46207046407031,7.80725369139177,4.30149467113413,6.23631778228835,0.0543967555538528,-0.00523368920831824,182.162162162162,49.5357405466984,47.2232900025308,173.200886642259,19.8035403835064,FAIL
4.69555756572637,7.06129264319942,3.58753834577638,4.52667194495703,0.131265056703087,0.0706467076032132,201.081081081081,50.1119944797112,60.3426228286378,125.105276666451,18.8362468423406,FAIL
4.55936489313256,8.11564786924706,3.30220445255286,5.60499232736456,0.050212067338924,-0.0110435300867353,191.351351351351,50.1734670141093,52.9619803565397,156.854192854418,19.3565277969392,FAIL
4.12199010823908,8.09243563377769,4.9255833239869,5.10219789746114,0.0665958171599635,0.00492032434270506,198.918918918919,50.6183910405988,57.6005525578838,145.758589132806,19.026583806044,FAIL
4.46642539988726,8.27019551179393,4.68429424628477,6.05958090053888,0.0670587500366666,0.00481728706239282,186.216216216216,49.8588906015866,49.828751789704,170.525567760133,19.6517662607033,FAIL
5.01519916381708,7.56488304270724,4.17292502425339,5.34105598828155,0.148334461569704,0.084512549990596,191.081081081081,49.8612076948104,53.6518937800211,148.101759636409,19.3505952635534,PASS
5.66617555858763,6.710483297614,3.21869950253763,5.54646302850236,0.160133316874064,0.0981247427051393,182.972972972973,49.0795461673397,49.0363935265586,148.569514276201,19.6511360552391,FAIL
5.10563877377707,6.72743471179425,3.29874845825741,4.62050976046801,0.159075022255386,0.0975570703270215,197.027027027027,49.7612901535762,57.9247141398879,125.857668791651,18.9814884375174,FAIL
4.86503623336786,7.37971059793414,3.01051390722916,5.02287309569812,0.0952572720676115,0.0341087474475122,195.135135135135,50.0743409293475,56.001338612954,138.697590803413,19.1132293395103,FAIL
4.68516031624454,6.42691035339577,4.40165209610842,6.19847296312944,0.0889241795892983,0.0338246162487179,175.135135135135,48.7684874148523,43.3293884245097,166.73690545866,20.0080365797851,FAIL
4.84114908898468,8.02197826663445,4.97983196818695,5.36637801253863,0.151997381131962,0.0864994433372721,192.972972972973,50.0740846011212,54.9367471682283,150.967471877087,19.3143055730219,PASS
5.92434656999268,7.27048638740237,3.41488382399064,4.90485487037975,0.2333642229107,0.1630846318244,192.972972972973,49.4528588735743,57.1125836410034,132.380025007802,19.240867359765,FAIL
5.51193682732841,8.28862551168082,4.72095886576821,5.31341229513522,0.23196811098165,0.160245144632362,192.972972972973,49.8214455532559,56.4721181986009,147.73716439411,19.364435638471,FAIL
5.90277469867827,7.33848883505887,4.41455625047056,5.48131614356674,0.243448128387618,0.174579560339756,185.945945945946,49.2039675283798,51.843942743499,148.590662988618,19.6169408992363,FAIL
4.73131237251561,7.62757082160808,4.3068966736118,4.92796274466796,0.141218007565678,0.0778319891703073,197.567567567568,50.2111373702484,57.9339781894074,137.879435798587,19.0496701483588,FAIL
5.11741911413541,8.31261139451985,4.76750516988404,6.44266071185956,0.12692247323781,0.0620099860889973,180.27027027027,49.188345877101,47.4087673883066,178.185580947152,20.0070264087056,PASS
5.26361242304896,7.21183243924908,3.8875977942374,4.51360746389761,0.215452665893354,0.149057030108613,200,49.8196022669592,61.290200850109,123.608865139226,18.9171718611305,FAIL
4.66966435107246,7.93909233966556,4.2922136443171,5.39604473990504,0.108834720227967,0.0456915474867997,192.972972972973,50.1423542009056,54.3234307731631,151.516310978846,19.2942003602313,PASS
5.88054545194225,8.35718320698033,3.98436174732922,5.3833776906193,0.237184540664684,0.163086985757793,191.351351351351,49.6283007761582,56.082159316211,147.944703180843,19.4433639485144,FAIL
5.5953126588818,6.64098755535721,4.65472231160112,5.99257481142184,0.187340466100471,0.126121107762304,177.027027027027,48.6273834880423,45.5461827484073,160.188740192531,19.9972559515572,FAIL
5.17364445262313,7.00597382443469,4.17017506299697,5.64975139219845,0.149650383293658,0.088333655313289,184.054054054054,49.3391060514828,49.1664585024629,154.130532037473,19.6336114956121,PASS
4.41294243713519,6.51420815288947,3.45906737093545,6.47803427422339,0.0349263630519496,-0.0178302806464986,172.702702702703,48.71916977943,41.8376982856172,173.499470836674,20.1016909880043,FAIL
5.61277759503501,6.48597722227202,4.08479618200761,5.0293901710104,0.223316981846371,0.159692430517013,188.378378378378,49.2371228828237,52.7797903258093,135.333667292061,19.3670169875245,FAIL
5.01823212630014,7.56422238766542,3.09116771520482,6.25162767805961,0.0690200798876368,0.00937763083590293,179.72972972973,49.2271805211403,46.4695320796618,170.24329861573,19.8898127633776,FAIL
4.96790077962496,6.78842124824307,4.9626695946737,6.30526508193765,0.122063378575779,0.0639187495323355,175.135135135135,48.6951509260827,43.8709119044021,170.193961635439,20.0938618789944,PASS
5.25562239404701,7.1379194214218,4.85671562375917,6.29701993250951,0.147966512506662,0.0869480114435727,176.486486486486,48.7504824545297,45.0327978101882,170.407485873597,20.082997242277,PASS
4.10411021016213,6.57621851350463,3.47723959302785,5.16877143853781,0.0382517144556682,-0.0158721790359241,191.081081081081,50.0470968112561,51.4534891718663,142.996083127805,19.1734495971014,FAIL
5.70857737236501,6.43015141943735,3.51692743839584,5.94251277282397,0.160018318690987,0.100369759437996,176.216216216216,48.5786722569267,45.1648144698108,157.25015613878,19.9706262041349,FAIL
4.17700706410702,8.12401031493376,3.33331704106147,5.40313636218667,0.0149794297586194,-0.0445215822089183,195.135135135135,50.4974120148581,54.7044351562265,152.427680643844,19.1707295576606,FAIL
4.56755267143663,7.49547109068998,4.94287893305129,4.79758564855584,0.146762168219342,0.0840298174689841,199.459459459459,50.277301806208,58.867471360166,134.887940999871,18.9700937124973,FAIL
5.73663630442933,7.37684108441477,4.18181240836551,4.50677745498006,0.289840673144872,0.217644946594159,199.189189189189,49.5794823577855,62.1912252282276,122.475809134805,18.9841955312409,FAIL
4.97111233465248,7.86289496268417,4.07394290644754,6.47302545651461,0.0919763888763453,0.0306144720365128,178.378378378378,49.0889321925833,45.9198247040754,177.345522370838,20.0310987913686,FAIL
5.0031039386098,6.4994481950657,3.22092518146926,5.44293449160889,0.107919861583316,0.0505716407330425,184.864864864865,49.3907570066574,48.9867965248938,147.350464101914,19.4993431484461,PASS
4.33024383446425,7.31103998318077,4.23374225952331,4.72996633771197,0.098089088608465,0.0384038472695354,200.27027027027,50.3750901304432,58.8461173793551,132.725160438795,18.890556078271,FAIL
4.16514157944898,6.4380197942199,3.17445163766801,5.32825083089481,0.0323791612516613,-0.0208222023707094,188.108108108108,49.8671919759919,49.5364044367756,146.396057421809,19.2902630540358,FAIL
4.88405000996445,8.11243055811533,3.48106618233316,6.18670194202122,0.0715951403139879,0.00965436890093052,183.243243243243,49.5429319974649,48.4946921181928,170.928162338386,19.7800771639155,FAIL
4.74968105900331,6.43802811202365,4.49223131596852,4.8288773931342,0.155633692315574,0.0968682972810567,193.513513513514,49.7481667658024,54.40773559569,132.614305636295,19.1131806783087,PASS
4.03990274017331,7.57068414311622,4.5981943636522,5.86320797112408,0.0267839775335403,-0.0312440066877657,186.486486486486,49.9718703058135,49.1145078996463,164.604637971923,19.5266273848316,FAIL
4.59623093413405,7.4701691955981,3.34941331013433,5.56451634499011,0.0629228887886956,0.00376136495027424,188.918918918919,49.9467058978692,51.2422185264562,154.290305119684,19.402264860372,FAIL
4.42430247530213,7.76878185975425,3.77632162195314,4.95919046032315,0.0809373326822151,0.0198790692203225,198.918918918919,50.4327087152384,58.0109755304971,139.405714925652,18.9915827593313,FAIL
5.15026644443654,6.66154279136845,3.56971463607782,4.65279956775952,0.176064661096606,0.114231878060385,195.945945945946,49.6964477805918,57.3024084143499,126.652815079,19.0226839506038,FAIL
4.77868564244126,8.14095661127626,4.22346191433269,5.23350746296205,0.127404380433827,0.0624222646043863,195.675675675676,50.2349053545844,56.5713745007611,147.127876049284,19.1944596736617,FAIL
5.290299480992,7.6341343063458,3.67537338041519,4.83109512455721,0.187440795998063,0.120200175260014,197.297297297297,49.9347628502677,59.1496668039801,133.075628261021,19.0681324823427,FAIL
5.88995256636765,7.41992156951193,4.9074268884862,5.43980877262264,0.264083269483204,0.194134285592169,186.756756756757,49.2505253928442,52.4964009901887,148.091133995492,19.5929209489643,FAIL
5.86580229453469,7.98343465935499,3.98855193056899,4.52734389246038,0.300376140093267,0.223696535061331,200.810810810811,49.6620567644388,64.3747830694583,123.391788913435,18.9670995948122,FAIL
4.48043013260309,7.27576204464484,4.77595654639525,6.32643871386015,0.0671851716399771,0.00921966692569831,178.378378378378,49.1700771930397,45.1027502972476,173.892526298112,19.9488722062948,FAIL
5.2473123707565,7.3384252328333,4.64830108153265,5.22528989205828,0.197142753098792,0.131820423655672,190.810810810811,49.6924225909069,54.0163846871176,144.119486335725,19.3526795899397,FAIL
5.33351165020748,7.09658398431098,3.24753790678303,5.43285637639514,0.137025502078818,0.0748020728345897,187.027027027027,49.4993124212445,51.2565820478173,147.769852257358,19.4795338933965,PASS
4.08013699276364,7.49344334878553,4.92561811793774,4.86918544502808,0.074789732309628,0.0152275324649291,199.72972972973,50.5300840326157,57.9350613610597,138.144415366518,18.9315563533933,FAIL
4.08404604589559,7.29128403114294,3.79148295550632,6.44035248943848,0.0042380668815013,-0.0509527546950654,177.837837837838,49.3049080196687,44.3193049388413,176.688925588881,19.9192652177382,FAIL
5.33870218952418,7.8603466714438,3.21930869219525,5.48993318609424,0.131725615444263,0.0661356326419626,189.72972972973,49.7541670469972,53.3262470681077,150.968157540257,19.4377786626215,PASS
5.85085601108258,7.74427439790496,3.84672480212274,5.13765786804922,0.238583452316583,0.166933498644086,192.162162162162,49.5676489005153,56.4169539762894,140.135837809313,19.3393142270473,FAIL
5.98356494137356,7.90881341242883,3.651116231619,5.25638359235491,0.234354957891382,0.161488224325675,190.810810810811,49.5086725628788,55.8312259589501,143.087980828647,19.4128489363841,FAIL
5.13683748725869,7.86471193377028,3.81990181656513,5.72730472809864,0.129261112111248,0.0649749725456101,187.027027027027,49.6737770937937,51.3049144388161,158.270364007588,19.5707681102304,PASS
5.94401801589137,8.11231783161996,3.76978349329034,5.04625114434865,0.253973102848307,0.17904322404994,194.324324324324,49.6504286524152,58.6776626030038,137.904073967291,19.2668426048821,FAIL
5.66892447573991,7.38449061159682,3.94148969205898,4.79047523004281,0.246025945673812,0.176155665716579,195.675675675676,49.634990590044,58.7700744499665,130.550994353448,19.1346847264628,FAIL
4.20058022421382,7.00592071451462,4.96690864052493,4.65537698641015,0.105630840021315,0.0469346935424337,200.27027027027,50.3332771570816,58.4929767881554,130.860373652727,18.867923821979,FAIL
4.52504205172451,7.12567333805899,4.28668518191344,4.69269648466133,0.127932114518994,0.0675912695365281,199.459459459459,50.2034928658494,58.5998039822033,130.859903917883,18.9183616326672,FAIL
4.04936875256146,7.02335729158362,4.90841190991258,6.31059687672939,0.0269144351742451,-0.0286967280895453,178.108108108108,49.2620913872067,44.3741503286332,173.73335235505,19.9034512146245,FAIL
5.45679342601873,7.71143125117009,4.23243050433107,4.927228296882,0.2279643119283,0.15852087599277,195.675675675676,49.8281080188536,58.4295829479713,135.800357301511,19.1605568396876,FAIL
5.41547604791686,6.77497851728377,4.7876018442511,4.61622113742747,0.260633255885348,0.194508082557325,195.945945945946,49.5542696047601,58.3086380103409,125.810419047931,19.0635271148577,FAIL
4.64606288087742,8.10699221836707,3.24313040103075,6.0000907200419,0.0444177974132696,-0.0163137617197052,186.216216216216,49.8375192256715,49.7750579635335,166.723381603604,19.6133419667616,FAIL
4.94533528875813,7.00508947420811,4.20464432732162,4.9247836939148,0.163843562629588,0.101797254672141,194.324324324324,49.8704843059515,55.6847536126517,135.837199259157,19.1383905317538,FAIL
5.39159028909316,6.99204339385855,3.38357307563729,5.14632933312995,0.163680527092016,0.100354730007018,190,49.5655619693303,53.4986427757952,139.926268095567,19.3263009333345,FAIL
5.86672695372414,7.73523719683654,4.50279999750361,6.44559168583091,0.191445223099195,0.125053545769701,176.216216216216,48.5956359706408,45.9276685249014,173.664041848429,20.1963513844498,FAIL
4.85581992411354,7.00526712853731,4.70924516479265,5.29412934407189,0.14910581205548,0.0880147115069889,189.459459459459,49.7251868289219,52.1096561405516,146.324268678149,19.3674740751502,PASS
5.46873964871305,7.68218306479156,4.73047292632397,5.28140470449966,0.224259870279409,0.155721943405506,191.081081081081,49.6678029100016,54.7362794278973,145.769333595867,19.3926413528359,FAIL
5.98733366622747,7.02961649916664,3.08073031241356,5.19165522986721,0.19788438601754,0.130406245751379,188.108108108108,49.2572583379584,53.3282687839744,139.200766488126,19.4386992078358,FAIL
5.66026993544525,8.04382534932268,3.65540887740355,6.33332955488073,0.14618110670585,0.0801416378169528,179.459459459459,48.9836168011847,47.4565040349145,171.987573503356,20.0200519395403,PASS
5.2584953612226,6.54365035379153,4.35741496018122,5.21877764656013,0.185848310857933,0.12467306107375,187.027027027027,49.3524424126388,51.1737229847004,141.652885700916,19.4304877767008,FAIL
4.30699724874476,6.4992505249511,4.62793787254765,6.27486935376854,0.0546967356162836,0.000558494168179435,175.135135135135,48.8994148098626,43.0258718540861,169.933315410247,19.9929845749562,FAIL
4.02405444092266,6.8995329510297,3.10685662770593,5.20360006317884,0.0118997323778699,-0.0424438292515179,192.432432432432,50.23945834032,52.2948350726751,144.62621019708,19.1327720290839,FAIL
4.74757101898762,7.80032845499566,3.8829261720073,6.25813147343703,0.0717081992370325,0.01134922845483,181.351351351351,49.3982981062834,47.0960497662186,172.540270464005,19.8526100750113,FAIL
4.40686630109261,6.61210623424322,3.47055183397529,5.72097380642887,0.0521734673623374,-0.00252373353614987,182.972972972973,49.5230115976868,47.0995991768682,156.356602689273,19.5752218461988,FAIL
5.19162087345467,7.47004233999726,4.30402294437076,6.01735684660605,0.139146898539814,0.0766119733485519,181.621621621622,49.2333024149399,47.8986018139489,164.684680740385,19.8246860128072,PASS
4.61174422705284,6.98837976934732,4.03700555723675,5.94056127841278,0.0781192263258493,0.0207143911115301,181.621621621622,49.386164058581,46.8114011498645,162.799023192527,19.7266762692758,FAIL
5.82278700059434,7.04761556711627,3.45006400189221,4.73224348993092,0.236181795599355,0.16717258463182,194.594594594595,49.4560132042362,58.1309623394843,127.556245021188,19.141640611715,FAIL
4.64832976075012,6.48127052221697,3.6595419078135,4.71733217860257,0.121795170316754,0.0642624402215547,195.675675675676,49.8857568072366,55.7148289534662,129.465552590207,18.9996913553516,FAIL
5.17003996507316,8.17216516112805,4.79712594282489,5.57083484197101,0.176202513651937,0.108602461215604,190.27027027027,49.8285917120764,53.6381241174342,155.60930212605,19.4770315125224,FAIL
5.51033373318572,7.23344424391663,3.0482554627488,4.90034176080241,0.168637696395619,0.102746420313016,194.324324324324,49.6939102555166,56.9015139138947,133.226799405137,19.1614079847091,FAIL
4.45319287967517,7.51633549243621,3.1542768144638,5.33966120899834,0.0468537355540231,-0.0118170027161314,192.432432432432,50.1920454060663,53.3237291584029,148.709102530255,19.2280149320911,FAIL
5.15528238311264,8.08205076532442,4.34870047304489,6.12229950708839,0.132436629991087,0.0677056445074341,183.243243243243,49.4025536098371,48.9604270216816,169.205939103006,19.8184706336708,PASS
4.15170717355267,7.54210565386899,3.21181138988922,5.93097904038568,0.00239922221309974,-0.0539875812874744,185.675675675676,49.9231945731769,48.4834829876014,164.68583061345,19.5442929403118,FAIL
4.63522953424036,7.7771720343302,4.75311569862146,4.50641410242242,0.169361561419142,0.104642745133481,204.594594594595,50.3420940186638,63.5233435994436,126.643580499849,18.7836229411716,FAIL
4.85887482361027,7.07787112628191,4.57143205367988,6.04224087185407,0.112330211970212,0.0530439394319695,180,49.1787510987525,46.4533047823694,165.224217209907,19.8426112492482,PASS
5.31689851598766,7.18126792160919,3.47589527783574,4.74526210706112,0.184061298940901,0.118783124696677,196.486486486486,49.7920608523503,58.3856961707867,129.676585386106,19.0547994359406,FAIL
4.41885346810325,7.64445039441397,4.1847324446791,6.43310008399604,0.0426834468697294,-0.0155605663466326,178.918918918919,49.2996012077101,45.4560878810189,177.349209354556,19.9411699745873,FAIL
5.02968081172313,8.28221940477318,3.46190333891164,5.61823584735647,0.106167157838647,0.0410067875233459,190.540540540541,49.9632017447744,53.4834261184545,156.366819282024,19.4340723850293,PASS
4.16800438576337,8.04902599539126,3.35087299105497,5.62705102849546,0.00946005621659995,-0.0494548577086037,191.621621621622,50.3355141030685,52.4765734778131,158.263244901754,19.3117437515323,FAIL
5.62699642124896,8.29804892276409,4.29916090860578,4.89726992120657,0.2592892635055,0.185054977984584,197.837837837838,49.8924286372692,60.9265415964673,135.42928287249,19.1256991358428,FAIL
4.16497261797746,7.13323077929181,4.96873714057272,5.06042999651193,0.0813791676574755,0.02284577667136,195.135135135135,50.2710269848915,54.6272381670924,142.47019843851,19.0976192359104,FAIL
4.45501583744193,6.67183543536839,4.80338631214811,5.36176330017736,0.103135616227994,0.045673348889008,187.837837837838,49.7298949685237,50.2356079061848,148.310662994005,19.3849840516053,PASS
5.12220084742693,6.42878568330497,3.95489457575757,6.16808529839738,0.117834250702733,0.0613392696892371,174.594594594595,48.6197558839179,43.5883289360122,164.510779748046,20.0440006069728,PASS
4.11571774986553,7.04092222231951,3.77162713417199,5.95356853503174,0.020836274679636,-0.0343737365963395,182.702702702703,49.6600560127271,46.7744264784372,164.309738903057,19.6342485405953,FAIL
5.93450786835303,8.34047423680093,4.25299067443488,6.20318039972566,0.205072290869823,0.13437049075886,181.351351351351,49.0320585041942,49.2777120229071,169.179297162871,19.9715293142055,FAIL
4.57755076068476,7.15482020110517,3.46067094466806,6.46771368160954,0.0421298694238479,-0.0138238088718281,175.945945945946,49.0094743833253,43.8349016396002,175.406706982501,20.0269629400256,FAIL
4.01455826597236,7.78688855333,3.75846114044975,5.92778870800233,0.000915095875542726,-0.0565866803685992,187.027027027027,50.0584795280711,49.2508431747987,166.058192006174,19.5128625444302,FAIL
4.25539076011082,6.55512273883194,4.13644832110604,6.29050442423092,0.0399676653999066,-0.0136689463490681,175.405405405405,48.9707009033808,43.0756820387085,170.324851558115,19.9676343666391,FAIL
5.22189396338101,8.0122455629276,3.06802494982301,5.73706873394387,0.101016317817833,0.0366886037085451,187.567567567568,49.7212541750818,51.6679882323181,157.990757371167,19.5497466145415,FAIL
4.72275426723446,6.68093438107469,3.25675173574905,4.5720268937237,0.118186842085969,0.0596055675140637,198.648648648649,49.9647323883747,58.1989850345348,125.425498229737,18.8922351315366,FAIL
4.8037317128413,8.34643773372524,4.78021405570724,5.69993666414554,0.124861632041146,0.0594139516587358,190.27027027027,49.9943866447705,52.9814725646434,160.554923300422,19.4786621928424,PASS
4.79449433240212,6.43750050757333,4.54445267421248,5.88938523067708,0.113099238697004,0.0565832478146594,178.918918918919,49.0189578193222,45.4228847799072,159.39406432082,19.8172892632679,PASS
4.08028690780664,7.8683387823752,4.62268395408358,4.62955622440333,0.0756232360319409,0.0149333481794737,204.864864864865,50.6957097381782,62.1449219040333,131.693122132863,18.75336221921,FAIL
4.97321587996614,8.38711567353207,3.77939165096646,5.90344283615604,0.101801137560506,0.0369767075262286,187.567567567568,49.8105979091612,51.4396806961705,164.495846881005,19.600483926731,FAIL
4.42956869425371,7.39889678778415,3.11126097799133,4.57097660393616,0.0712421746464867,0.0120355023159994,202.972972972973,50.3914073433841,61.073463301917,127.247679470103,18.7770904521323,FAIL
4.97860972374478,6.98968710361422,3.12963585267407,5.90034999681887,0.0824342682094592,0.0243965933731459,181.351351351351,49.3016372284662,47.1347292200376,160.177510330735,19.7265900783153,FAIL
4.6312378251991,7.96587549114409,3.36148232966057,4.54872567742652,0.106334966058166,0.0429420541031903,204.864864864865,50.4219252582207,63.6556609912469,127.068129670897,18.7625653159373,FAIL
5.55287416191978,7.22584297448417,3.96124438246584,4.99364032415434,0.218601114263268,0.151455931265502,192.702702702703,49.599778275779,55.9428407198829,136.21143096304,19.2533897428132,FAIL
4.74561827539708,8.08103380121418,4.76086007716875,4.98418968038423,0.155092213192517,0.0893055593993199,198.648648648649,50.3151011845216,58.9713395767343,140.607281752894,19.057957776869,FAIL
5.39364663223386,6.93689919606968,3.88158492531706,4.69250121792919,0.216193604920975,0.150759400585537,195.945945945946,49.648368129821,58.0508511259045,127.783006993255,19.069212647853,FAIL
4.5982039027276,8.32805592243548,3.83337721492538,6.34436065194695,0.0489216456953523,-0.0124423087483413,182.972972972973,49.5956677621136,47.964913072309,176.510696599184,19.8221879906527,FAIL
5.25307119067365,7.80472856942329,4.10909995687411,5.26340992113352,0.177553802255527,0.110772767623332,192.432432432432,49.8580163541888,55.2533696048283,145.757852408603,19.318183921865,FAIL
4.90754184516071,8.21461243205948,4.35791194478547,4.73459568816129,0.179003082368312,0.111210165684795,202.162162162162,50.3076075280878,62.3642090076464,132.873539255323,18.920026012766,FAIL
4.73985697777803,8.0953014717737,3.54963195215708,5.37574914574847,0.0895182802219781,0.0262945216895897,193.783783783784,50.1969746714301,55.0110388449422,150.433983156737,19.2582504034549,FAIL
4.63606480953675,6.6511395930502,4.28001604764426,5.89127913915241,0.0904379274142036,0.0339510949542339,180.27027027027,49.2274826328454,46.0793734312214,160.533885294282,19.7518802127802,FAIL
5.86015577832386,7.9590880285126,3.64011683156749,5.71359964525895,0.193935419012877,0.124182671698715,185.945945945946,49.3453275301946,51.864143263217,155.65280818167,19.6681220307866,FAIL
4.28223165490856,6.4114240320206,3.84139290813725,6.28863296939259,0.0380873303637462,-0.0147084825817589,174.594594594595,48.8917700904719,42.6285771368506,169.416004054806,19.9816728253857,FAIL
4.31187523578219,7.02110969930683,4.92177569319919,6.43576130031483,0.0510379514042888,-0.00519064333951091,175.945945945946,48.9987336778155,43.6479188189272,175.964640080324,20.0351848211754,FAIL
5.70961865483627,8.18342755343192,3.67772837552083,6.2496997284805,0.155563552986899,0.0881618249778355,180.810810810811,49.0848836170449,48.4343273479637,170.195363264183,19.9600571772773,PASS
4.53857890303895,7.97977601439833,4.11833869823792,4.62430522188029,0.125017507703004,0.0613031851349051,204.054054054054,50.469264896616,62.7447756418556,130.156031914565,18.8074361961639,FAIL
5.21769154123286,7.91787459257604,4.91454022541689,4.63852500264796,0.249096281788303,0.178848922275372,201.081081081081,50.040046772494,62.5431529464294,129.149823617157,18.9488518990199,FAIL
4.43474411033307,7.89512927339833,4.3419996926564,5.63387289280838,0.0723911790421746,0.0112334278503121,190.27027027027,50.094746203837,52.037343920424,158.411166997742,19.4069488055518,FAIL
4.2963479166618,8.33904002010114,4.98455457807292,5.10683894607858,0.0915275808686303,0.0278552522448526,199.459459459459,50.5925893508523,58.4385827099999,145.964137954346,19.0396863032214,FAIL
4.10755219631861,8.32263356860254,3.85708831624757,4.93130382601792,0.0389202868821448,-0.0221887315853585,202.432432432432,50.770925791623,60.2067499994178,140.338081688991,18.8810129823078,FAIL
4.62371239411423,8.26901259907532,4.94572492194785,4.67892107168836,0.163125907064621,0.0966434323650402,204.054054054054,50.480951582065,63.1957319465256,132.608143958776,18.848875912396,FAIL
5.93127817126863,7.62499635357636,4.60252552654118,6.37744503767352,0.203394634782406,0.136752382674813,176.486486486486,48.5791046981814,46.0666504100683,171.5522215594,20.178981989859,FAIL
4.1561767303643,8.30054114818974,3.48422958576054,4.93444459705675,0.0312316116124829,-0.0295247123293281,202.162162162162,50.7472009611595,60.0913770884459,139.91897997008,18.8828105048418,FAIL
4.21898375846315,7.47814957121083,3.50699761635547,6.17093694271787,0.0136218847038243,-0.0428439424413783,181.891891891892,49.6242843468402,46.6193013527581,170.470181112188,19.729304041508,FAIL
4.19700733102951,7.98643816344675,4.12265381839896,4.50124844461532,0.082621883555839,0.0213068224855166,207.027027027027,50.6608698351739,64.268696095595,127.404254168581,18.6803060412919,FAIL
5.06631394037492,6.82439633186132,4.17316066187571,5.42417242371892,0.149603468495585,0.0890745987693207,186.216216216216,49.4736498975333,50.360001590399,148.210473304287,19.4915500026218,PASS
5.37721531027156,6.89069700215682,4.87487405880672,5.87421390984928,0.179320096985162,0.117384796214249,180,48.963272782954,47.1577075141502,159.104926315021,19.8524405510233,FAIL
5.86105891716977,7.23586283052641,4.62786128828901,5.38010084086425,0.253089236357086,0.184390072678697,186.756756756757,49.2362717739242,52.3759884674161,145.982052038604,19.5626256759619,FAIL
5.5249503641685,6.4175292791377,4.99005598995054,4.65011651005954,0.273753426572074,0.208652447508669,193.513513513514,49.3273798635409,56.454023668618,125.745874498524,19.143519547411,FAIL
4.33921207605086,7.42839324562276,4.5581244266406,5.217567264499,0.0857742005274682,0.025889589953371,193.783783783784,50.2262373550896,54.1901634777281,146.678950040106,19.1846695615639,FAIL
4.58671221516098,6.70412478132755,4.81054759007154,5.04561001926728,0.13305527542318,0.0741519796349992,192.162162162162,49.8674481269044,53.2577302691455,139.769730519934,19.2009516195166,PASS
4.6837722668543,6.49980037371643,3.40924997115292,5.54737076444119,0.0825048003586345,0.0267695147815572,184.054054054054,49.4606247726062,48.0922966410672,150.957376185847,19.5207984209801,FAIL
4.47458153254722,7.58405459246054,4.62602450867444,5.27285834600408,0.101301371238329,0.0400673965364229,193.513513513514,50.1801545303162,54.2420173121393,148.227013649613,19.2280214539738,PASS
5.56575519964034,7.83001092867566,4.99948663453661,4.54059760013049,0.308257237531059,0.234520688615861,200.810810810811,49.7964538022137,63.5506952469362,125.17835914502,18.9572985036886,FAIL
5.31832846551508,7.46582705794087,4.91444293864798,5.89068121706801,0.17589899428833,0.111541409358024,182.702702702703,49.2430769475572,48.8626653374623,161.59026645752,19.7824281141183,FAIL
4.93502490714432,6.99319532251332,3.8415125072436,5.29237676134375,0.130464864529113,0.0699907007332952,189.189189189189,49.7156733450718,52.0667037594569,145.427960603714,19.3561149084451,PASS
4.20690846738485,7.35641330019609,4.55224697652365,5.44566003515644,0.0609754185081566,0.00240719745131024,190.810810810811,50.1254805494224,51.8390510708173,152.889553613807,19.3117304124339,FAIL
4.63813544741096,7.1744167139472,4.41265333171226,6.29484564332363,0.077239361406738,0.0193607264199989,177.837837837838,49.0989292817521,45.0204263392677,172.06470450362,19.9560669788092,FAIL
5.51020910549109,6.67132663509946,3.23478674982409,4.69078140716135,0.192723525073234,0.128642278719242,194.594594594595,49.502658205292,56.986723654853,126.504011519405,19.0940359969616,FAIL
4.54496082865843,6.49988199592506,3.33058685980812,6.43859039405721,0.0433343113972565,-0.00972173599206272,172.972972972973,48.7071401895077,42.0386597536653,172.167324412915,20.0930571691586,FAIL
4.3552641119699,7.32160081847009,4.44672761003562,5.48374733374402,0.0749639481843469,0.0159938698661181,189.72972972973,50.014832889882,51.4233433553572,153.333389793741,19.3616167114323,FAIL
5.12302658933496,7.91089386741428,4.93617805814997,5.28234559227296,0.19080491024496,0.123589318278415,192.972972972973,49.9291872586001,55.4297799681196,147.542750865843,19.3190847393429,FAIL
5.30359291606386,6.50376880117317,4.78601672267342,6.27662734946196,0.150762365391852,0.0925644988542172,173.243243243243,48.4027324336686,43.2186307109876,167.177932450485,20.1698085312868,PASS
5.98423345692966,7.16763596540713,3.68648639911574,5.91633653327547,0.193267063531212,0.127654588511907,179.72972972973,48.8153082219248,47.8194725966733,158.276754982309,19.9072622234014,FAIL
5.22971686444662,8.10006145270773,4.88615843912915,6.46825022903318,0.140435725853085,0.0757650830745459,178.918918918919,49.0185007390998,46.6880962364476,177.870245894859,20.0710372167972,PASS
5.80522046484294,6.46282485187683,3.17365346324706,5.22067695254784,0.185456436968782,0.122576312952863,185.405405405405,49.083202111097,50.9201947150206,139.179609460333,19.4932180242152,FAIL
4.21924579981703,7.19885681600244,4.47573201178515,6.24643487574626,0.0373621746132704,-0.0191550096223266,179.459459459459,49.3575301505739,45.3263115388562,172.168501824183,19.8506087801216,FAIL
4.65192567838454,8.208355980596,4.29662336012644,5.33487582395461,0.108945716938442,0.0447141158458044,194.864864864865,50.2729126778135,55.7776727684651,150.467332077775,19.2302708777692,FAIL
5.65923546736282,8.37896937169344,3.75799727980442,5.47079076052477,0.195839708714933,0.124346287955442,191.081081081081,49.7231785467345,55.2686918090338,150.88534932737,19.4509201456857,FAIL
5.2335200622007,7.21587031083847,4.24897801438758,5.7138451018164,0.155396500999464,0.0928542070756151,184.054054054054,49.3518376232807,49.3744318088287,156.227591417164,19.6627656119584,PASS
5.610552709888,7.58169546171211,3.54570288331571,5.42911389905,0.179098227418783,0.112063050183967,188.378378378378,49.5270438577438,53.0217807752221,148.150689199891,19.4837417054541,FAIL
4.86487300839205,7.11846721348269,4.82307708230858,5.19389798160889,0.158662953611682,0.0966254439076537,191.351351351351,49.8222715251074,53.4441863370395,144.018543456073,19.2962738502412,PASS
5.07607734369242,6.81156739378321,3.99606631310225,4.82685801449889,0.176440341298849,0.114373467003699,194.324324324324,49.7534710880653,55.9880492627269,132.223894783416,19.1137031187985,FAIL
5.04448898996991,7.82922541579807,3.59455393388121,5.68506032998552,0.112288707202812,0.0489368870862469,187.837837837838,49.752038685829,51.5089521045849,157.192642668117,19.5249064522253,PASS
5.68811009823889,8.20315574228204,4.55937909219844,4.93731962990971,0.274901387284526,0.200425755820052,196.756756756757,49.8219808253287,60.1589968638002,136.427063895332,19.1723291084227,FAIL
5.26686644420556,7.82533588302196,3.00653505086708,5.70715581418273,0.103690467380306,0.0398782553014265,187.027027027027,49.6555885190432,51.33573646605,156.620481359606,19.5545686010901,FAIL
5.88433074903772,6.57420606749306,3.45111614071471,6.34323700566328,0.154446440075504,0.0947313289234974,171.891891891892,48.1973793378503,43.0811850307416,166.375594834606,20.2500462713672,PASS
4.40157195793529,7.00693391101119,4.35858330428892,4.93029144484765,0.103174785031455,0.0443731657063234,195.675675675676,50.1625626620416,55.5084039790089,137.589253576128,19.0549063428628,FAIL
4.91560940929412,7.43404274521736,3.85254560395191,5.48106529036106,0.119103277364892,0.0573073938270773,188.918918918919,49.7959741327178,51.9264176430691,151.531350346954,19.4246765114469,PASS
4.37510433242334,6.60964307962906,4.88161342325272,4.75763001925886,0.123426512486039,0.0655309869827446,196.216216216216,50.0466442587579,55.7833354509818,132.333019944916,18.9969751341775,FAIL
4.66870755752728,8.00975050820394,3.28220163252292,5.58847057114779,0.0623652185545452,0.000850296017865682,190.810810810811,50.0949602606112,52.7945559223066,155.890361954676,19.373915638411,FAIL
5.73812512139983,8.28456818088653,3.91646164898385,5.02610091913764,0.242400974186755,0.168285386086199,195.945945945946,49.8140941819064,59.449161452258,138.388792408602,19.2112743006205,FAIL
4.3683921989991,7.79552810894168,3.24786295339364,4.80268888544803,0.0575226677734973,-0.0026525145321511,201.351351351351,50.5256365662613,59.8178752538379,134.720697716965,18.8737199295884,FAIL
5.40400172943448,7.20219918663862,3.49842030276854,5.08867011915908,0.174155240945287,0.109312300527739,191.891891891892,49.6604111418896,54.8396588412694,138.882528071328,19.2754768411375,FAIL
5.06581505395862,6.72708930019109,3.03832526683595,4.50250551502866,0.146273469278887,0.0851342321307771,198.918918918919,49.7944500359942,59.308139028942,122.522324346512,18.8965308999498,FAIL
5.00105117941,8.23503806629067,4.89174517161825,5.18669383658385,0.181369064354768,0.113391619799394,195.675675675676,50.1413735600444,57.4362660846475,145.908057221656,19.211451842272,FAIL
5.0846680803369,7.09910612002458,4.00626180641959,4.67918192311505,0.187621750531153,0.123663343418326,197.837837837838,49.8843253789766,58.7835676653616,128.694657739539,18.9985408952769,FAIL
4.55430692055779,7.15695157853494,4.56917196348547,4.79183723396755,0.135025680724236,0.0741919872476697,198.108108108108,50.1746653154917,57.6169164815036,133.826157357065,18.9866452066639,FAIL
4.78553028123216,8.25646321713509,3.49780262642953,5.96381211792845,0.069053301524313,0.00647620467108312,186.756756756757,49.8300757771361,50.5319557401108,166.019664317805,19.609126310112,FAIL
4.61343049686879,7.3457333869865,4.31691959614297,5.86739481430199,0.0861120479526709,0.0267247303998768,184.324324324324,49.599868897157,48.4902181008524,162.356330696319,19.6442708210041,FAIL
4.87459296654972,6.44697281241969,3.82151107967904,6.18069682428034,0.0922317436844917,0.0369002456748917,175.135135135135,48.7513837067527,43.5153496908831,165.537181509581,20.0021266682637,FAIL
5.83265365427616,7.55992265572021,4.68329941565463,5.21335114480365,0.267781680450635,0.196659278205437,190.27027027027,49.457299804605,55.0488715170084,142.461952231541,19.4216274121489,FAIL
5.70290182554849,8.18213285595398,4.2563882918596,5.29835263928758,0.235194605140502,0.162829400950999,192.162162162162,49.7051924055656,56.2971232910785,146.124063452453,19.384730794685,FAIL
4.5019626451568,8.39257857533089,4.27454525385182,6.00884301214422,0.0618841988873771,-0.000603036900362119,187.297297297297,49.9456595312112,50.555134955174,169.051731921068,19.6014871227114,FAIL
5.75959397577939,7.32640684279638,3.54901933148519,5.44807176976767,0.191775769328124,0.124992051093699,186.756756756757,49.3391122449302,52.0236508418129,147.582723900687,19.5464743918,FAIL
4.05985305651928,6.85708836074063,4.08072165690955,5.29911907243377,0.0424005698412174,-0.0132534637701383,190.810810810811,50.0938809544177,51.3315033373304,147.692494053101,19.2356892265239,FAIL
5.51092217844672,8.06391307536905,4.11996879302283,5.63139818589238,0.186307515245212,0.117738440484936,188.108108108108,49.5974085997151,52.8255655638504,155.295374301958,19.5635254836683,FAIL
5.1969320705904,7.53191087137806,3.95549819060418,5.18163137062728,0.16883786946261,0.103664000086334,192.432432432432,49.8377208678497,55.0811702645661,143.035685568987,19.2799696607713,FAIL
5.62342022853053,7.99615398970024,3.56448863319333,4.92440557977486,0.214002783006609,0.142494710638024,196.486486486486,49.8352864784076,59.5096412389984,135.180371350397,19.1457912096202,FAIL
4.50099960040414,6.82691410383081,4.10717258932109,5.55145501504389,0.083274009701566,0.0261154930439786,185.945945945946,49.683498401468,49.1949889594807,153.019953298111,19.4761504275595,FAIL
4.6096862842056,8.06768522474938,3.1591575126288,5.30180993470344,0.0598847020538098,-0.00190043478650581,195.135135135135,50.3143903670749,55.572575965025,148.383163816888,19.181942927579,FAIL
5.8000074359966,8.14934640265433,3.4504236385069,4.96856293490113,0.223772030944955,0.150130213402952,195.945945945946,49.7705883888088,59.6049820215086,136.010569401137,19.1856319325781,FAIL
5.86610996373925,7.70095099337222,3.5607860655218,4.73551116888228,0.252385042183604,0.179101414896542,197.027027027027,49.6298928815901,60.6550368578033,128.66218798921,19.0983253190547,FAIL
5.41707842702953,7.55273814913205,3.25530413966426,4.82978747574899,0.176923646437288,0.109608154773367,196.756756756757,49.853408243497,58.8724212843664,132.232570869484,19.0830409959038,FAIL
5.44387846252078,6.45560774675547,3.53214101670622,6.42313482406603,0.121524674621453,0.0647675502057675,171.351351351351,48.2557004042664,42.1632095596455,169.114243195799,20.2533301446581,PASS
4.04914225912256,7.9914992987983,4.5684300624474,4.6943772992864,0.0655464790355639,0.00474766672905691,204.594594594595,50.743502191019,61.8006676374886,133.795535823863,18.7752715109911,FAIL
5.4287433601067,6.49297102020544,3.12438957926636,6.07841928285632,0.115789114994209,0.0583103114282412,175.675675675676,48.6637392265195,44.389691753498,161.353562890761,19.988227137056,PASS
5.55107426137624,8.37476772622781,4.8902969721798,5.96577054336761,0.201587815634601,0.131725325136964,185.135135135135,49.4078042542752,51.0855249067943,165.186866618594,19.7709808037552,FAIL
5.91580844791472,6.65956968735244,4.33655598010013,5.26018332914873,0.249778089634988,0.183686891809557,185.405405405405,49.0352804921987,51.3788821620685,140.999994705584,19.55226477073,FAIL
5.078069956622,8.27459433597319,4.78789899872603,4.94946311640891,0.204188606851175,0.134778929983702,198.918918918919,50.1865379814245,60.1236106707227,138.980863951709,19.07795212645,FAIL
4.17526728326786,6.83089991829732,4.36165433742945,5.36543986556668,0.0602732747280261,0.00395605318188996,189.189189189189,49.9697616440113,50.6960393243014,149.287255033475,19.3086974316655,FAIL
4.97056293456103,7.84072974582799,3.6346702378802,6.17291071091736,0.0877584110544233,0.026183365625793,181.891891891892,49.3956485512633,47.8322285949552,169.725100579544,19.8215180034989,FAIL
5.63901441149158,7.00623091541191,4.62809166242683,4.55236115618296,0.289952767354236,0.220503237348134,197.297297297297,49.5152869318008,60.084658320769,123.715459997261,19.036554072553,FAIL
5.67470730549356,7.37855249610596,3.20535316368205,5.65777372879542,0.15470367802896,0.0896692538783618,184.594594594595,49.2942169814021,50.4013958007622,153.141406027356,19.6461420420649,PASS
4.30371958893072,8.23910860056644,4.45393692563055,4.79153755206135,0.0935506150587047,0.0304194252961635,203.513513513514,50.656462909956,61.60547176037,136.288524471772,18.8529933450763,FAIL
4.41553164053137,7.38413381039187,3.5839077869782,5.82521998167758,0.0455440999626019,-0.0121859390370683,185.405405405405,49.7896796044261,48.8562064109641,161.346309287345,19.5540517731208,FAIL
4.20355522459049,7.9397759778866,3.5891801416464,4.82259043380854,0.0495634045713788,-0.0105600738620442,202.162162162162,50.6440765715108,60.0916923220812,136.188251167349,18.8561730694311,FAIL
4.51285215480547,8.34122087857282,3.40821203727611,6.31056725337261,0.0268061782769425,-0.0336430851734416,183.513513513514,49.7014517628949,48.1945658666242,175.50313784224,19.7685809964375,FAIL
4.32265681732754,7.34260055766204,4.87465752129175,4.77149796619695,0.112928692601226,0.0524416243410578,199.72972972973,50.369598832718,58.5140223092309,134.454295314339,18.9256874271788,FAIL
5.57048051666794,7.72835949805618,4.46233769116347,4.85154776984108,0.257747589382362,0.186581870195093,196.486486486486,49.775940028668,59.3714313470887,133.523278840364,19.1381749539241,FAIL
4.73696977379193,7.81643779646743,3.82640509009451,4.99131675234863,0.1198263770991,0.0564196923018476,197.567567567568,50.2634961480619,57.9182406663675,139.597056615383,19.0600608604413,FAIL
5.76445753734131,7.78953345521731,4.36014846230469,4.56195469496339,0.302791942145418,0.228046404840558,200,49.6802841754039,63.1483383560618,124.702370511861,18.992691659216,FAIL
5.29341071363689,6.51253469722362,4.4758157879125,6.46902277990905,0.135097470038209,0.0778314131288268,171.081081081081,48.2300394241613,42.0871883058778,171.341992600736,20.2908065766932,PASS
5.40525884467311,7.88987813854115,4.15885259675632,6.39786467867769,0.139265630602982,0.0750987277207696,178.648648648649,48.95807669015,46.567148222388,174.340351415091,20.0553970186062,PASS
4.18980336471339,8.23015112297741,3.97987336425833,5.16630082574661,0.0462135231615202,-0.0150276407973912,198.648648648649,50.6179271629503,57.3914573116097,146.754952273644,19.0422495070442,FAIL
5.71667904916719,6.45254037272125,3.42955870556858,5.46942686800076,0.178641147732014,0.117089941973912,182.432432432432,48.9599759206857,48.7610151683009,145.828859207267,19.6503622277883,FAIL
5.79752446062426,7.84658090638604,4.7392397829718,5.31394646839866,0.26182986432745,0.189891681456695,190.27027027027,49.5261097907876,55.064326081995,145.935095762534,19.4521103162276,FAIL
4.18965943156678,6.45887393055975,4.02814029045869,5.5013405577569,0.0535929834605677,-0.000714063803221587,185.405405405405,49.6890445164864,48.2352657958727,151.323035519311,19.4348762419402,FAIL
5.57479601693149,8.03277949584431,4.46053434354355,6.04202573142297,0.183554398666949,0.115938144640359,182.972972972973,49.2329917911133,49.4945830233363,165.782762943697,19.8466316400247,FAIL
4.66517971796863,7.5754725117186,4.61113079216416,4.82464614587288,0.148634022152778,0.0853306049357027,198.918918918919,50.2493756216373,58.877381710881,135.292118000164,18.9884868135512,FAIL
5.19148603797236,8.29441077703183,3.87172089320568,5.02241631752858,0.175448107848977,0.106413145825623,197.837837837838,50.1319958140111,59.381510274977,139.976290686838,19.1167706992624,FAIL
5.86823150273546,6.75675828647899,4.98491637364282,5.94383179079894,0.22532781616102,0.161407658631901,177.567567567568,48.5793388528225,46.3260432546048,158.755203314122,20.0040176356874,FAIL
5.05896407174093,6.96094902262611,3.25092174298954,4.76518431746868,0.143034380027459,0.0812580285832191,196.216216216216,49.8639042182301,57.216478039488,130.421086868091,19.0373007530055,FAIL
5.49309261254464,7.08310082245171,3.74229990717051,5.31845951261531,0.181947103613324,0.117578743931148,187.837837837838,49.4466150171983,52.2735214976845,144.587052540256,19.4528833029966,FAIL
5.66726778830463,7.63754687602102,3.34174484438829,4.68017045699317,0.219619725171806,0.148730125649753,198.108108108108,49.7366638170044,61.0134110459237,127.458591322815,19.0323422169722,FAIL
4.48956158532597,6.57982596629629,3.35414739292278,4.86649608230525,0.0851458272060456,0.0288360212125465,194.594594594595,49.9882878551095,54.4813828199095,133.975474443743,19.0452539334391,FAIL
4.59222491882314,7.65665483116499,4.52744684056677,5.52552480585962,0.101564981134946,0.0400092551086453,190,49.9936691971341,52.2341339712038,154.717087373846,19.3949635605428,PASS
5.36945442223798,7.01653172738031,3.58443259383255,5.26724105414989,0.165110739704991,0.101967874104371,188.648648648649,49.5223210137834,52.4646073485474,143.364628023854,19.4021082316562,FAIL
4.61416223312624,7.22480063669303,3.90139893506255,4.96251213229219,0.111627617380002,0.0513030018494652,195.945945945946,50.135889731403,56.0310971615928,138.054943580386,19.0768964681045,FAIL
5.83656003787746,8.04171678975515,4.90323434005209,6.15893965068044,0.218852505808845,0.149417536072406,180.810810810811,48.9812536726457,48.7430962383842,168.154055396893,19.978437651561,FAIL
4.47147645790848,7.60543182986732,4.08117697320509,6.05882974195953,0.0567952672488359,-0.00222672171904847,183.243243243243,49.6282287175792,47.8559602342243,168.049317130372,19.7059720733152,FAIL
5.75408731091199,7.13560881350803,4.6335456161136,5.92041268031016,0.20836359727636,0.143357215100855,179.72972972973,48.8625739398278,47.6800207799499,159.656454735642,19.9075572370528,FAIL
5.39318436914129,6.87348304102052,3.27123715933165,5.09034970731988,0.160829434272373,0.0980505045947001,190.27027027027,49.5485282286639,53.5904622158323,138.096608062752,19.3003663688656,FAIL
4.25344075720661,7.1699302362563,4.92919569761669,4.95320469071899,0.0967005921955634,0.0374624605350915,196.486486486486,50.2839069312226,55.8712457094781,139.374125233482,19.0417344433986,FAIL
4.56493792755306,7.85142644312645,3.29040513359591,6.19083202780317,0.0354406734269705,-0.0235475974834689,182.702702702703,49.611555669743,47.6390275778466,171.027349797651,19.7491052834088,FAIL
5.53020760938505,8.02126464522702,4.79918177066281,6.27217376659829,0.177980528763484,0.111259083572212,180.27027027027,49.0298065352448,47.827691437432,171.836426956376,19.9997390705883,FAIL
4.03123482622383,7.51165812729536,4.55722027258289,4.65855441972885,0.0680426577100652,0.00898674914859787,203.243243243243,50.6140059148866,60.3991153925349,132.006416335894,18.7888354220282,FAIL
4.48425022365306,7.31084986153114,3.93038831823833,6.27831060509099,0.0500522803111855,-0.00720329588723778,179.189189189189,49.288313705346,45.4825008764299,172.199968965307,19.8828473042409,FAIL
4.53886281232163,6.64971090333795,3.47280244666484,5.01395507227382,0.0886328443854273,0.0318344867501954,192.702702702703,49.934382495046,53.2928382541183,138.05268971897,19.1411482238337,FAIL
4.15907589842223,7.74021577040924,4.049695074646,5.86778345836303,0.0265005814429665,-0.0319456349605197,187.027027027027,50.0044905369655,49.6069763596458,164.41999153828,19.5142910042318,FAIL
4.98295453978632,6.96485686393878,4.04824220966404,6.3496360159732,0.0999208604318096,0.0420108102755598,175.675675675676,48.795617044376,44.0984481776572,171.267257537133,20.0680074545632,PASS
5.50593644586332,7.39370123293928,4.78470147674438,6.33328196652656,0.169426514877646,0.106076601853946,176.756756756757,48.7174377795245,45.6042387193158,171.310804685835,20.1130690685634,FAIL
4.91009838750407,7.05261786430904,3.67357968899882,5.01314141265639,0.13443531898249,0.0733456801021016,193.513513513514,49.8972475480721,54.929823745844,138.089291234797,19.1671765518095,PASS
4.46992348114901,7.11992693069829,3.56680907012097,6.47131390866309,0.0359267614376784,-0.019613357879139,175.945945945946,49.0262443668542,43.6965296057576,175.713454094388,20.0205251160483,FAIL
4.98424346391977,7.78155510208401,3.30879063636988,5.38659873183098,0.105718869048634,0.0425245849501785,191.621621621622,49.9696655001374,53.9204666515266,149.19964245225,19.3260149075041,PASS
4.32108742323616,7.20284869826648,4.19343733011137,6.18955432870913,0.0435400257618411,-0.0131601490619508,180,49.388051825154,45.7199091980018,170.366826411256,19.8197128854664,FAIL
5.81790132274862,6.68830986062492,4.12058513261475,5.27654664059124,0.230679705557101,0.165455746522624,185.675675675676,49.0982267726444,51.3094943550144,141.685462396335,19.5366826094899,FAIL
4.6051535273428,7.89857012797596,4.95082067621288,5.21300169885632,0.128814921472928,0.0650419209482197,195.135135135135,50.2419377615435,55.937940029726,147.189236354841,19.1916522885738,FAIL
5.01166834091556,7.99092187885438,4.37576418099489,5.02489336575049,0.174034260953124,0.107163287351053,197.027027027027,50.1354460589031,58.2688555257177,140.497762791989,19.1250229578981,FAIL
5.25277445784556,6.97250052475781,3.26163334921193,6.01965525419403,0.107527693491717,0.0482860528603749,179.189189189189,49.0420715121695,46.2984849572708,162.255877840988,19.8591390916406,PASS
5.28232534968221,7.43220211767505,4.39393946294417,5.38510570331205,0.183361813377284,0.118192475783701,189.189189189189,49.6330063025115,52.8689415375383,148.298103432214,19.4421530916882,FAIL
4.35205675014959,8.30751542780641,3.04292325443743,5.64559427117164,0.013429750968023,-0.0467951725241778,192.162162162162,50.3304893653023,53.1481566725645,158.566689821215,19.319538956538,FAIL
5.99072544048636,6.73555012595634,4.01053313993234,5.31874205157919,0.240158620946048,0.173719908850875,184.864864864865,49.0132820684392,51.1432106386414,142.287849251492,19.5836182735136,FAIL
5.87638709987871,7.38314590736376,4.40539466253029,5.22736356274073,0.258271265646241,0.188139296609743,189.189189189189,49.3720218285311,54.2922498356412,142.116268665479,19.4478597244001,FAIL
4.69946433736455,8.27293098651754,4.44897195258568,6.15788361316108,0.084258101919382,0.0213155305910369,184.594594594595,49.6642561025363,49.1597171181036,172.107344103334,19.7466976001276,FAIL
4.9767973391177,7.53532859218665,4.45844022533372,5.83415340631715,0.129612454045205,0.0672602643999524,184.594594594595,49.5149635241633,49.420135498619,161.127666247136,19.6667923052554,PASS
4.49838618105237,7.00021212438417,3.96038576619067,6.41532483720914,0.051155982590394,-0.00464497744940162,175.945945945946,48.9801109051876,43.7064002093051,174.211264558385,20.0211192815586,FAIL
5.29282816070977,7.76118723709548,4.88487608371103,6.49600579686292,0.144965796382206,0.0815489861777057,177.027027027027,48.8189041034132,45.5858614974514,177.185226175232,20.1417478162022,PASS
4.83558985994641,7.93152125870336,3.89432151765923,5.84809143657973,0.0951433064777064,0.0326856217302877,186.756756756757,49.7595733267117,50.4848113741431,162.503806512994,19.5913997393388,FAIL
4.18901735307785,7.77099677911572,3.56916063841806,4.96878516490073,0.0432524447636411,-0.0160113912122989,199.459459459459,50.5660813779338,57.8468925294139,140.05948839512,18.9520394813278,FAIL
4.51848589319215,8.33881846517717,4.57156307909326,5.91218260261772,0.0755930839710469,0.0126273229547944,188.378378378378,49.9859433911421,51.1595746723914,166.699945977274,19.5576731246425,FAIL
5.96464734921613,7.7823876619693,3.40877703203344,5.52749393676412,0.200355466319831,0.130100398197729,187.027027027027,49.3578967490661,52.8921551391769,149.91798244524,19.5793553956092,FAIL
4.94345754857151,7.33856767705693,4.89635925688675,5.68700576136378,0.144484677465224,0.0822742024798615,185.675675675676,49.5468264899708,49.9490939898395,157.27044859421,19.6012350691249,PASS
4.32074618183572,8.33231272335276,4.20957474319556,6.05026018543597,0.0382382152702364,-0.0229387363704353,187.027027027027,49.9831970521282,50.0273892793789,170.349194836018,19.6006464286001,FAIL
5.16878123408544,7.78715270247081,4.65659227859452,4.93808838658996,0.209273675869292,0.141433303230653,196.756756756757,50.0023569610989,58.5289035061838,137.436086661278,19.1228217626466,FAIL
4.50009287079443,7.58722548958122,3.33716969020612,5.82508318533655,0.0435724509982754,-0.0149718740949971,186.216216216216,49.8508703514859,49.5024973485676,161.473949070122,19.536540611308,FAIL
5.46283747743914,6.68389656553729,3.84156539691965,4.92632492829075,0.205157927297107,0.141451019689536,191.351351351351,49.4571878753118,54.5318846889032,133.401621515661,19.2481757672433,FAIL
4.56333961052468,7.77051273097022,4.52546683085095,5.20996412627333,0.112018152052662,0.0495135178535608,194.864864864865,50.2355767272625,55.5044389529202,146.607770930915,19.1843636351728,FAIL
5.19540686580557,6.74408994133015,3.49658414576309,4.60522126337744,0.180198069269372,0.117563416020152,197.027027027027,49.7087130949377,58.2040816989157,125.325419706467,18.9913879830571,FAIL
4.33300209750596,7.98841824738472,3.12487528613919,4.68872808426291,0.0493730463437834,-0.0111686093371541,204.054054054054,50.6132046972613,61.8783201861816,131.706172901287,18.7844508883694,FAIL
4.86801006274115,6.42355520228304,3.34383336061911,6.46274657210996,0.0696514786420027,0.0157961421883912,171.621621621622,48.4833376778646,41.7232911963444,171.497926305288,20.1784630156318,FAIL
5.08701076796091,8.23088553043659,4.94681154900944,4.74492382998174,0.225993021817797,0.155834541063906,201.351351351351,50.1959361203448,62.3663861423391,133.127426793946,18.9664155252046,FAIL
4.01103279412879,6.42842764227504,4.9462893995489,5.22045327643455,0.0613613188627343,0.00645880319687042,189.459459459459,49.9214839684009,50.4718998967665,145.114471790267,19.2523233189793,FAIL
4.88872450636576,7.26292004057639,3.4104426980348,5.44114815202968,0.100981472006123,0.0406033278044989,188.918918918919,49.7904304940827,51.6667720271456,149.821728018446,19.3983446612125,PASS
5.38240828916625,7.29262251124321,3.83493362766138,4.96056923131179,0.196506019315484,0.13043128817326,193.783783783784,49.7369133802118,56.489875115365,135.879882769635,19.1952025808821,FAIL
5.72078852872318,8.28004538375144,3.63271514614781,6.44117963411219,0.146246483576501,0.0791880323131324,179.189189189189,48.9434439757961,47.4046445033809,175.007994631608,20.0729899501163,PASS
5.7764256887257,8.04411794875156,4.28924261907217,6.16999023925604,0.190946539356696,0.122641383638034,180.810810810811,49.0315889451606,48.6362661629751,168.148365841883,19.9564436928512,FAIL
4.09477057714372,7.58272788860442,4.98482153740657,5.01287368935623,0.071285068850839,0.0113937844558357,198.108108108108,50.4995089730391,56.7317209355555,142.359253419056,19.0139410025544,FAIL
4.21236442756792,6.88563813561035,3.64568985850207,5.61621421289283,0.0379625810985217,-0.0174229092712109,186.216216216216,49.8290403462262,48.7988896882984,155.207690174432,19.446219727369,FAIL
4.59265201189682,7.8173579231171,3.87164370704837,6.19236007558805,0.057751722124132,-0.00207376275857196,182.432432432432,49.5406722208059,47.5624406390701,171.422419960673,19.7812096205861,FAIL
4.49816143823721,8.04209640089248,4.65134202083512,5.01018442121318,0.116503025880494,0.0528305741475188,198.918918918919,50.4370069494609,58.4853993100257,141.876799984858,19.0329121305839,FAIL
5.46728301875718,7.72767664123056,4.57187462994232,6.00760970669732,0.17655694070605,0.11083332798408,182.162162162162,49.193089745883,48.8196020402943,164.522360931452,19.8433559760077,FAIL
5.99466073028053,7.94079974068342,4.76245651419159,5.20110745323461,0.295400393077477,0.220567601829344,191.621621621622,49.4944749738645,56.5309277231687,142.438444355867,19.4075989113951,FAIL
5.6196777490379,8.34064595718206,3.47414347953286,5.34533238067364,0.182848806710758,0.11173453513943,192.432432432432,49.8065494573152,56.3096727388529,147.314490346552,19.3636812440675,FAIL
5.99293213613368,7.62354674865179,3.03698964239432,6.41641160731479,0.138623106055993,0.0737337728279863,175.945945945946,48.6250452146356,45.7532346462351,171.148998313723,20.153159588746,PASS
4.10966315983767,8.33710074922837,3.83208921072544,6.20204380329019,0.000212137634361009,-0.0592200612936326,185.675675675676,49.9682057298372,48.8751510086294,174.20478394187,19.6473059101003,FAIL
5.77496988842009,7.36352276886092,3.18048836225743,5.48273034056557,0.170597302770363,0.104193586634801,186.486486486486,49.3468906497242,51.8350405129816,148.283374324198,19.5536211831987,FAIL
5.25446997629795,7.61038550540283,4.15887891506402,5.84526239473183,0.148661436333127,0.084715435004313,184.324324324324,49.4095666559866,49.6170041471422,160.514716349242,19.7031025091553,PASS
4.78156605485837,6.47990785074584,3.17695213368293,6.48280770243495,0.0565485009594926,0.00304859512774591,171.891891891892,48.552172682474,41.7568815587423,172.345911801856,20.1597776793317,FAIL
4.52578561918859,6.48730224435923,4.4765083435404,5.20737635405549,0.111037192071675,0.0540769100336618,188.918918918919,49.7148530333134,50.906714817134,143.370228433435,19.3106155669512,PASS
5.52580119369512,7.9682196746515,3.05657802222462,6.10676460535472,0.113446619132168,0.0486225015773365,182.162162162162,49.2669816484421,48.7594890692502,166.248889729879,19.8358825142187,PASS
5.82708467051025,8.31063069096645,4.87358784948889,6.27181750699896,0.212813888471686,0.142657568766368,180.540540540541,48.9862852831334,48.7098417040209,171.693238461002,20.0197409299293,FAIL
5.67219108472524,8.22153713003264,4.13608721661039,6.26208245267379,0.171081479293677,0.103212540176313,180.810810810811,49.0786458356346,48.4677156791517,171.120909808232,19.9738515607722,FAIL
4.42123568910369,7.97156376312236,3.83902318780539,5.76196903071045,0.0510076156931339,-0.00944031148556612,188.918918918919,50.0566262181273,51.1981125454121,161.486180237433,19.4615932084301,FAIL
5.99024205734651,6.68561898457348,3.73774238734874,4.53367527150004,0.283388716226947,0.213534723527471,195.135135135135,49.212789061223,59.0201499713477,121.058611075233,19.0911455827057,FAIL
5.03137962077039,7.63544533395258,3.29404598223288,4.7148524754236,0.143379404405008,0.0785344353998537,199.72972972973,50.1095591888089,60.4196446897098,130.268547224114,18.9465592727279,FAIL
5.91508593884102,8.20192537822327,4.60319176414889,4.67689719464949,0.329499945949726,0.251138334855954,199.459459459459,49.6953341695081,63.3154238163402,128.295518112987,19.0586021391898,FAIL
4.05035816579846,8.06953627984648,3.29470056323109,6.35096858982051,-0.0208468074539818,-0.0780746481266447,182.972972972973,49.7910014816329,47.0670058995786,176.606569909873,19.7395237139562,FAIL
5.86693398317912,6.61421824372325,4.75522453239233,5.31265903393925,0.256020944214727,0.190348068767477,184.594594594595,48.9880032061601,50.7538487049656,142.605119410392,19.595461775732,FAIL
4.27829854547792,7.99345775350243,3.26581730817702,5.47640403452403,0.0232438406252753,-0.0361447382134655,193.243243243243,50.3629858326632,53.6352691856678,153.84908857685,19.2410772281165,FAIL
5.51744826823896,8.31336315304161,4.88466321120408,5.14408980021985,0.251476832614041,0.178654255666183,195.135135135135,49.8884393160496,58.268014967992,143.218230800464,19.2651746697254,FAIL
5.84802721166147,7.65353732038588,4.2893455974901,5.72252534087077,0.220446177102063,0.151584760230283,184.324324324324,49.2041167354301,50.8513043336461,155.675018336287,19.7237556186294,FAIL
4.09578084153837,7.75358435512046,4.93190078085724,6.34821732902548,0.0240052890949558,-0.0344290812842135,181.081081081081,49.5491908205633,46.2744981850624,177.186932805392,19.8406851805532,FAIL
4.83250556486172,7.04393734273531,3.24824611735128,5.99671811732724,0.0711341242640425,0.0136695957389241,180.810810810811,49.306605479817,46.5999296433619,163.16958202494,19.7630733016426,FAIL
4.63532067191965,6.4590599504493,4.45941794661327,5.86551885606773,0.0964459981607554,0.040540778786465,179.459459459459,49.1303818510528,45.6271145143633,159.315408393107,19.767954749836,PASS
5.02895105186617,8.0159496512354,4.79070733705766,6.4848673197424,0.116430598127154,0.0533494998331832,178.648648648649,49.0734066382803,46.3072890302557,178.566746934932,20.0547889829534,PASS
4.80905118801224,6.8762420304258,3.27397068795665,5.36599302909188,0.0926084866910347,0.0343749881113109,188.108108108108,49.718924866994,50.9459139878238,147.024811141481,19.3749211534329,FAIL
5.68045073379722,7.76720139079981,3.60746277688818,5.2443149431161,0.200788519587603,0.13135430986793,191.351351351351,49.6385481307339,55.3903421312579,143.437979717753,19.3665933502374,FAIL
4.35611341882917,7.11751568522758,3.51151567658275,5.26824787895247,0.0569562430920635,-0.000354286633627909,191.891891891892,50.1049160175568,52.5822000420913,146.427183279476,19.2200117663275,FAIL
4.39242447207413,7.2952393952571,3.16518857496379,5.02264435632638,0.0536557141068386,-0.00437052506458224,195.945945945946,50.2902385551932,55.5862746922964,139.862794142034,19.0472648214906,FAIL
4.94519235991445,7.26552282197363,3.04089604642322,4.81695828123221,0.1151968681615,0.0533796878451805,197.297297297297,50.0400029430055,57.7928560429952,132.604691555469,19.015133866251,FAIL
5.32323583807135,7.56995669218731,3.36239286871167,5.19855273591187,0.152812395779599,0.0874122581418331,192.162162162162,49.8011106690839,55.054330199595,142.753259289796,19.2897524231786,FAIL
5.25432937431091,7.42388118205162,4.68336841447559,4.70455344826034,0.23573847698768,0.168069077786594,198.108108108108,49.8780904257961,59.8368158065823,129.95562531689,19.0289543690832,FAIL
5.92275804751176,6.70800861503211,4.46991051595681,6.48484415476879,0.187866071210018,0.12667860587901,170.810810810811,48.0230018520308,42.7006264364656,170.476890887337,20.3772766676949,FAIL
4.93951961518868,7.32827388346061,4.22080028591905,6.419359575697,0.0968232055011644,0.0375283540748046,176.756756756757,48.9122437872548,44.7382771815638,174.481755385023,20.0637634961012,FAIL
4.56391423774045,8.26635361838632,3.51029134376177,6.06436754804026,0.043288363561609,-0.0178674838691573,186.216216216216,49.8637261908049,49.7550945833603,169.199581141935,19.6337988306809,FAIL
4.61612050875497,6.94239454162242,3.29324950158217,6.46662206164408,0.0425056896098485,-0.0125116202921599,174.864864864865,48.8921499189194,43.2169344128927,174.36869154842,20.0551426725259,FAIL
4.12551850601864,7.89388412566312,3.60616948097285,5.87285483513868,0.00880705577158458,-0.0493989809188772,187.837837837838,50.1010928496429,50.0105079174792,164.580376984383,19.4806072180686,FAIL
5.2892032043892,6.63708485869874,3.87125547602479,5.0604634423384,0.180406960134058,0.118615824901405,189.72972972973,49.4835245598598,52.9842130602328,137.393545754242,19.3093815450916,FAIL
4.25981174700364,7.48820174241458,3.66214525345556,4.62859565482836,0.071959590858662,0.0127584794443342,202.972972972973,50.4985155302852,60.6974879189052,129.865122066188,18.7903365604731,FAIL
4.17511002518722,7.21895511774574,4.46327900850239,6.18922993110681,0.0338370574637955,-0.0226929955394378,180.27027027027,49.4500546909091,45.7526036099861,170.988320596764,19.8017098658458,FAIL
4.81648445594036,7.79684765443581,3.86499387815433,4.93453850280467,0.134187085469908,0.0700847287720978,198.108108108108,50.2274110679776,58.4839719122408,137.782192276913,19.0423230799103,FAIL
5.43750850941018,7.22108832107233,4.83602157424013,5.78971084895922,0.1904007097907,0.126211022228736,182.702702702703,49.1604145055583,48.869742813125,157.890431579447,19.7634779429492,FAIL
4.76649409942579,7.11101021505475,3.33485236208857,5.65299302269053,0.0790379322746139,0.0206388163640285,185.675675675676,49.6453310440524,49.3685714201398,155.14225085639,19.5253528443801,FAIL
5.38262194580677,7.61517713127512,4.89287082338815,6.01479348061588,0.176376411511427,0.11139363162991,181.621621621622,49.1709798629454,48.4207420946717,164.888705666078,19.8562159467898,FAIL
4.41655299358033,7.62599804202524,4.40967854123664,6.20763153255865,0.0542391491343899,-0.00469490288605745,181.621621621622,49.5041876693001,46.8858934768382,172.156420909505,19.8021223115821,FAIL
4.98294758865384,8.12475588782661,4.36635844448022,4.74394586765586,0.188724919646797,0.12067525874283,201.351351351351,50.239534315214,61.9402250392548,132.80061234096,18.9446619459878,FAIL
5.8767798741655,6.41381886494519,3.32503969534114,5.76284489760233,0.172591920467146,0.111593646619024,178.108108108108,48.6467268819388,46.3988900694861,152.314156700255,19.8721350000191,FAIL
4.41193287110037,7.76327764554569,4.10070683463133,6.0658768711956,0.0495522858164129,-0.00980649948286738,184.054054054054,49.7131017832994,48.2656756921249,168.859136562552,19.6829875324091,FAIL
4.54174061087046,6.89893621925843,4.87094358783789,4.79991412320109,0.141637855257642,0.0816312037088995,196.756756756757,50.0705259452704,56.5247951873153,133.730074128636,19.0210713037739,FAIL
4.44640100249239,7.53900733139579,4.33759733366973,5.07156966044471,0.0990389004954981,0.0381361643260532,196.216216216216,50.2868631582483,56.0356083216269,142.490365598755,19.0972564703751,FAIL
5.04856616882316,6.84066262186025,4.13122303560463,5.2295808306866,0.156092826090465,0.0950776624061861,189.189189189189,49.6076403979285,52.1208430197948,143.243748024928,19.3611266273183,PASS
4.98023179257062,7.27871127294315,4.86869818256619,6.38993951127332,0.117507249301565,0.0574557779496967,176.486486486486,48.8584531026574,44.8102238824481,173.975496769865,20.0800783579791,PASS
5.69783176088829,6.60300822146416,4.65006335695443,5.07514851309888,0.25133347977466,0.185999477651261,188.108108108108,49.2032114876675,52.8354643693854,136.895998801389,19.4123853804233,FAIL
5.05461441749464,6.60595262631008,3.90291969313649,5.10382597598769,0.15507751009507,0.095058132693023,189.72972972973,49.569629984294,52.4009051612935,139.164371390815,19.3021645174276,PASS
5.23210583072178,7.1172252433898,4.22252343276465,6.20632334776851,0.132681590071376,0.0722525379708054,177.567567567568,48.8796272517719,45.5288803319161,167.857594524356,19.9988121307645,PASS
5.70775308287961,7.4930480032627,4.27771795753209,5.13189741666875,0.24235435294451,0.172728709907265,191.351351351351,49.5504323361203,55.5673880123652,140.245658243858,19.3468185299348,FAIL
4.15577180930046,6.42340973182196,4.27453150382958,5.46226890540467,0.0570676145215648,0.00268101190838332,185.945945945946,49.7066571770361,48.4234444932069,150.473922344031,19.4161920556514,FAIL
4.09278313860301,7.50099519883223,3.68562261551918,4.54041957049295,0.0542510853657636,-0.00401150660845184,204.864864864865,50.5961184218049,61.7984402509438,127.734289940279,18.711141726095,FAIL
5.28917238000878,7.49920362917723,3.82979928868892,6.10937804397845,0.128623369675204,0.0662872848952406,180.540540540541,49.143378222162,47.3366133601663,166.341602889847,19.8813281945577,PASS
4.31715165024966,7.90435765188449,3.97475720988153,5.34065458516325,0.0583823317637294,-0.00219995748604895,194.324324324324,50.3625082893912,54.6266664039655,150.605451444004,19.1957006528243,FAIL
5.36247526848724,8.38866908351409,4.96615052112016,6.49627629811462,0.155976871767146,0.0892971004204579,179.459459459459,49.0333735864099,47.3196940895078,179.057319685128,20.0813055354805,PASS
5.03981003002272,7.72931759690463,4.62096286861848,4.95452298035203,0.190118665787891,0.123672144096089,196.756756756757,50.0538202713098,58.1064605100661,138.153687901096,19.1154074195143,FAIL
5.34233260557105,7.43713032133841,3.48267996325053,5.3767195474011,0.15198338725825,0.0875292630291535,189.189189189189,49.6484022184664,52.9371578249923,147.245160770451,19.4188179985518,PASS
5.24527276702686,7.72656694593333,4.30629498613516,6.33936625880035,0.130907691300455,0.067992601332143,178.918918918919,49.0147255070684,46.4604446370247,173.08113954685,20.0144662960161,PASS
5.21431093389931,6.51394974624604,3.83056118697355,5.44602834006722,0.151502261136593,0.0920877624434132,184.054054054054,49.2430778696438,49.0867714486931,147.183875928494,19.5576424084225,PASS
4.56585034529005,6.94237692123968,4.16638212625753,5.57074920076696,0.0902898110680379,0.032309636803017,186.216216216216,49.6819536562421,49.4518455540153,153.723340589976,19.4875035216766,FAIL
4.71826847331979,7.4963992189819,3.18184582975744,5.07354642868612,0.086044283286966,0.0252450809666303,195.405405405405,50.1663446567448,55.8803800250225,140.824804968434,19.1144342038722,FAIL
4.98361504010868,7.51982059879264,3.84256970313697,5.52235247208828,0.123886548183145,0.0614266360448682,188.648648648649,49.7641989276428,51.8720925793855,152.60896166217,19.4527262957945,PASS
4.79184541622361,6.69742784359901,4.76919181487874,5.20931461913862,0.147679671550702,0.0880650233728353,189.189189189189,49.6661404190742,51.7437361414152,143.473108871228,19.3393054698381,PASS
5.16465191383191,7.57673964202719,4.25940575900247,5.70942031159811,0.14922772743676,0.0854204191748458,185.945945945946,49.5440401222273,50.5627114652456,157.345760267409,19.6080566121058,PASS
5.41714732719942,7.84286899478024,3.82498592273156,4.87117878860465,0.208200214522223,0.138768430609709,197.297297297297,49.9119976982697,59.5086310173278,134.273564126978,19.0996439895582,FAIL
4.04780277988201,7.21168757903272,4.73185303506743,6.24972533075843,0.0235245818820442,-0.0327187117911266,179.72972972973,49.4283323952619,45.3194341837829,172.895060271938,19.8301541320084,FAIL
5.61237272758811,7.49277879166604,4.37942337090439,5.85792757645883,0.191537661479398,0.125640937915157,182.702702702703,49.1571766966614,49.2360553962095,159.502569233254,19.7917302099406,FAIL
5.62482893828918,6.66119674659899,3.33943207788433,5.90340350880735,0.147034552336855,0.0867357073377215,178.378378378378,48.7883254933446,46.1799327939541,157.322513346733,19.8898470759291,PASS
4.70303302156054,7.65954604482329,4.65957158368501,5.01538326717625,0.144177535332175,0.0806217255774326,196.756756756757,50.2003900611268,57.1231170208463,140.730503689627,19.1029830806049,FAIL
5.73364489662176,8.30216957121162,3.91103218397916,5.15239022749045,0.23257551851576,0.159057504087544,194.324324324324,49.786881801948,58.1626344989057,141.945662863127,19.2835154354041,FAIL
4.31554530527369,8.02019351658434,4.61257524602205,5.87581389885124,0.0554379162696936,-0.00543379957799028,187.837837837838,50.0025697125545,50.4519885038591,165.533859404974,19.5334955195562,FAIL
4.4475848487409,7.06704229223451,3.10043900074416,4.8322828833969,0.0659526832819746,0.00828916594620033,197.567567567568,50.236649815241,56.7367868082422,134.004722920162,18.961323907982,FAIL
4.7844672348873,8.18632641481244,4.32688286976941,5.15837136391068,0.135775786497232,0.0702441028358625,196.756756756757,50.2739512139546,57.4874247965875,145.204721896888,19.1493499259091,FAIL
5.64924094996661,6.88435763065054,4.81473988710712,5.08295873764943,0.254098026578576,0.187419344129282,189.459459459459,49.3494519341345,53.8242031724266,138.07201292341,19.3819352166389,FAIL
5.24639548609294,8.01351527740929,3.06397292163414,6.25863430592878,0.0842557272319654,0.0215142969558837,181.351351351351,49.2912834435908,47.7651791000636,170.97427662563,19.8806728374934,FAIL
5.97708702607188,7.69859865932839,3.75733817735427,5.96252532392864,0.196077334724996,0.127813892904438,181.621621621622,49.0004832520716,49.1372211139917,160.990766776636,19.87660244087,FAIL
5.83994776874149,7.3907425587288,3.36158500365096,5.44682683989086,0.189152802775756,0.121671606337744,186.756756756757,49.3330737830445,52.2627173226754,147.321378756857,19.5458791780303,FAIL
4.1428302119253,8.23260503631981,4.02359855956347,5.00913676585706,0.0473086300259504,-0.0138947599343193,200.810810810811,50.7015834940762,59.0465433372323,142.497327177509,18.9430379669705,FAIL
4.80913433829218,8.31832866456711,4.31420008663091,6.03862291891443,0.0971331332089573,0.0332527330957438,185.945945945946,49.735937749347,50.1841507554394,168.784283131029,19.6809056174031,FAIL
4.22909131296861,6.92798519077531,4.62250264873762,6.01736809615421,0.0500413024431334,-0.0060683459753097,181.081081081081,49.4385690621855,46.0296373453127,165.864952998051,19.7402881590404,FAIL
4.84637354501591,7.77928731012068,4.37524068695711,4.86553041006606,0.162154120644011,0.0970397625690466,198.918918918919,50.2075395898579,59.2125672561457,136.123343685525,19.0204385964686,FAIL
4.02446378797057,6.45668119080651,3.20296482643001,6.18611719976197,0.00198080542121004,-0.0495411588615771,176.756756756757,49.2045517642189,43.3231726078213,167.436816354627,19.8307721474815,FAIL
4.20705906344492,7.04137771263271,4.45982347730164,5.23177641581565,0.0692331082644441,0.0116503631170484,192.162162162162,50.1299308471242,52.6490559890672,146.360116226933,19.208526958745,FAIL
5.02037465430775,6.91767682272316,4.15416138093591,5.43510876890304,0.143656802203327,0.0830182850395199,186.756756756757,49.5360868166761,50.5851038080057,148.881647647627,19.4793147780752,PASS
